label,key,description,condition,category,technique,track_type,organism,strain,first_author,pubmed_id
DNA,Reference sequence,C. auris B8441 reference sequence,General,Reference sequence,Genome Assembly,Sequence,C. auris,B8441,Lockhart,27988485
Transcribed Features,Transcribed Features,All CGD annotated features,General,Gene Annotation,Annotation,Gene Annotation,C. auris,B8441,CGD,27738138
lncRNA,lncRNA,Long non-coding RNAs,General,Gene Annotation,Annotation,lncRNA,C. auris,B8441,Hovhannisyan ,34916523
Sacc_phyloP_scores,4: Order Saccharomycetales conservation scores,"C. auris B8441 phyloP conservation scores from genomic alignment of 12 Saccharomycetales species: C. auris, C. albicans, C. dubliniensis, C. parapsilosis, L. elongisporus, C. glabrata, C. bracarensis, N. bacillisporus, S. cerevisiae, S. castellii, A. gossypii, and Y. lipolytica cerevisiae, S. castellii, A. gossypii, and Y. lipolytica",Wild-type,Conservation,Genome Alignment,Conservation plot,C. auris,B8441,CGD,24185697
CTG_phyloP_scores,3: Family Debaryomycetaceae conservation scores,"C. auris B8441 phyloP conservation scores from genomic alignment of CTG clade: C. auris, C. lusitaniae, C. guilliermondii, C. albicans, C. dubliniensis, C. tropicalis, C. parapsilosis, C. orthopsilosis, and L. elongisporus",Wild-type,Conservation,Genome Alignment,Conservation plot,C. auris,B8441,CGD,24185697
AurLus_phyloP_scores,2: Clavispora/Meyerozyma group conservation scores,"C. auris B8441 phyloP conservation scores from genomic alignment of Clavispora/Meyerozyma group: C. auris, C. haemulonii, C. duobushaemulonii, C. lusitaniae and C. guilliermondii",Wild-type,Conservation,Genome Alignment,Conservation plot,C. auris,B8441,CGD,24185697
auris_phyloP_scores,1: C. auris group conservation scores,"C. auris B8441 phyloP conservation scores from genomic alignment of C. auris, C. haemulonii and C. duobushaemulonii",Wild-type,Conservation,Genome Alignment,Conservation plot,C. auris,B8441,CGD,24185697
Simm_PP_R1a_control_alignments,Simm et al control (tech rep a; biol rep 1) alignments,"Aligned strand-specific, single-end reads, control",control,Gene Expression,RNA-Seq,Aligned reads,C. auris,B8441,Simm et al.,35412372
Simm_PP_R1a_control_coverage,Simm et al control (tech rep a; biol rep 1) coverage,"Read coverage, control",control,Gene Expression,RNA-Seq,Coverage plot,C. auris,B8441,Simm et al.,35412372
Simm_PP_R1a_control_density,Simm et al control (tech rep a; biol rep 1) density,"Read density, control",control,Gene Expression,RNA-Seq,Density plot,C. auris,B8441,Simm et al.,35412372
Simm_PP_R1b_control_alignments,Simm et al control (tech rep b; biol rep 1) alignments,"Aligned strand-specific, single-end reads, control",control,Gene Expression,RNA-Seq,Aligned reads,C. auris,B8441,Simm et al.,35412372
Simm_PP_R1b_control_coverage,Simm et al control (tech rep b; biol rep 1) coverage,"Read coverage, control",control,Gene Expression,RNA-Seq,Coverage plot,C. auris,B8441,Simm et al.,35412372
Simm_PP_R1b_control_density,Simm et al control (tech rep b; biol rep 1) density,"Read density, control",control,Gene Expression,RNA-Seq,Density plot,C. auris,B8441,Simm et al.,35412372
Simm_PP_R1a_expt_alignments,Simm et al DGE in presence of pyrvinium pamoate (tech rep a; biol rep 1) alignments,"Aligned strand-specific, single-end reads, pyrvinium pamoate",Pyrvinium pamoate,Gene Expression,RNA-Seq,Coverage plot,C. auris,B8441,Simm et al.,35412372
Simm_PP_R1a_expt_coverage,Simm et al DGE in presence of pyrvinium pamoate (tech rep a; biol rep 1) coverage,"Read coverage, pyrvinium pamoate",Pyrvinium pamoate,Gene Expression,RNA-Seq,Density plot,C. auris,B8441,Simm et al.,35412372
Simm_PP_R1a_expt_density,Simm et al DGE in presence of pyrvinium pamoate (tech rep a; biol rep 1) density,"Read density, pyrvinium pamoate",Pyrvinium pamoate,Gene Expression,RNA-Seq,Coverage plot,C. auris,B8441,Simm et al.,35412372
Simm_PP_R1b_expt_alignments,Simm et al DGE in presence of pyrvinium pamoate (tech rep b; biol rep 1) alignments,"Aligned strand-specific, single-end reads, pyrvinium pamoate",Pyrvinium pamoate,Gene Expression,RNA-Seq,Coverage plot,C. auris,B8441,Simm et al.,35412372
Simm_PP_R1b_expt_coverage,Simm et al DGE in presence of pyrvinium pamoate (tech rep b; biol rep 1) coverage,"Read coverage, pyrvinium pamoate",Pyrvinium pamoate,Gene Expression,RNA-Seq,Density plot,C. auris,B8441,Simm et al.,35412372
Simm_PP_R1b_expt_density,Simm et al DGE in presence of pyrvinium pamoate (tech rep b; biol rep 1) density,"Read density, pyrvinium pamoate",Pyrvinium pamoate,Gene Expression,RNA-Seq,Coverage plot,C. auris,B8441,Simm et al.,35412372
Simm_PP_R2a_control_alignments,Simm et al control (tech rep a; biol rep 2) alignments,"Aligned strand-specific, single-end reads, control",control,Gene Expression,RNA-Seq,Aligned reads,C. auris,B8441,Simm et al.,35412372
Simm_PP_R2a_control_coverage,Simm et al control (tech rep a; biol rep 2) coverage,"Read coverage, control",control,Gene Expression,RNA-Seq,Coverage plot,C. auris,B8441,Simm et al.,35412372
Simm_PP_R2a_control_density,Simm et al control (tech rep a; biol rep 2) density,"Read density, control",control,Gene Expression,RNA-Seq,Density plot,C. auris,B8441,Simm et al.,35412372
Simm_PP_R2b_control_alignments,Simm et al control (tech rep b; biol rep 2) alignments,"Aligned strand-specific, single-end reads, control",control,Gene Expression,RNA-Seq,Aligned reads,C. auris,B8441,Simm et al.,35412372
Simm_PP_R2b_control_coverage,Simm et al control (tech rep b; biol rep 2) coverage,"Read coverage, control",control,Gene Expression,RNA-Seq,Coverage plot,C. auris,B8441,Simm et al.,35412372
Simm_PP_R2b_control_density,Simm et al control (tech rep b; biol rep 2) density,"Read density, control",control,Gene Expression,RNA-Seq,Density plot,C. auris,B8441,Simm et al.,35412372
Simm_PP_R2a_expt_alignments,Simm et al DGE in presence of pyrvinium pamoate (tech rep a; biol rep 2) alignments,"Aligned strand-specific, single-end reads, pyrvinium pamoate",Pyrvinium pamoate,Gene Expression,RNA-Seq,Coverage plot,C. auris,B8441,Simm et al.,35412372
Simm_PP_R2a_expt_coverage,Simm et al DGE in presence of pyrvinium pamoate (tech rep a; biol rep 2) coverage,"Read coverage, pyrvinium pamoate",Pyrvinium pamoate,Gene Expression,RNA-Seq,Density plot,C. auris,B8441,Simm et al.,35412372
Simm_PP_R2a_expt_density,Simm et al DGE in presence of pyrvinium pamoate (tech rep a; biol rep 2) density,"Read density, pyrvinium pamoate",Pyrvinium pamoate,Gene Expression,RNA-Seq,Coverage plot,C. auris,B8441,Simm et al.,35412372
Simm_PP_R2b_expt_alignments,Simm et al DGE in presence of pyrvinium pamoate (tech rep b; biol rep 2) alignments,"Aligned strand-specific, single-end reads, pyrvinium pamoate",Pyrvinium pamoate,Gene Expression,RNA-Seq,Coverage plot,C. auris,B8441,Simm et al.,35412372
Simm_PP_R2b_expt_coverage,Simm et al DGE in presence of pyrvinium pamoate (tech rep b; biol rep 2) coverage,"Read coverage, pyrvinium pamoate",Pyrvinium pamoate,Gene Expression,RNA-Seq,Density plot,C. auris,B8441,Simm et al.,35412372
Simm_PP_R2b_expt_density,Simm et al DGE in presence of pyrvinium pamoate (tech rep b; biol rep 2) density,"Read density, pyrvinium pamoate",Pyrvinium pamoate,Gene Expression,RNA-Seq,Coverage plot,C. auris,B8441,Simm et al.,35412372
Simm_PP_R3a_control_alignments,Simm et al control (tech rep a; biol rep 3) alignments,"Aligned strand-specific, single-end reads, control",control,Gene Expression,RNA-Seq,Aligned reads,C. auris,B8441,Simm et al.,35412372
Simm_PP_R3a_control_coverage,Simm et al control (tech rep a; biol rep 3) coverage,"Read coverage, control",control,Gene Expression,RNA-Seq,Coverage plot,C. auris,B8441,Simm et al.,35412372
Simm_PP_R3a_control_density,Simm et al control (tech rep a; biol rep 3) density,"Read density, control",control,Gene Expression,RNA-Seq,Density plot,C. auris,B8441,Simm et al.,35412372
Simm_PP_R3b_control_alignments,Simm et al control (tech rep b; biol rep 3) alignments,"Aligned strand-specific, single-end reads, control",control,Gene Expression,RNA-Seq,Aligned reads,C. auris,B8441,Simm et al.,35412372
Simm_PP_R3b_control_coverage,Simm et al control (tech rep b; biol rep 3) coverage,"Read coverage, control",control,Gene Expression,RNA-Seq,Coverage plot,C. auris,B8441,Simm et al.,35412372
Simm_PP_R3b_control_density,Simm et al control (tech rep b; biol rep 3) density,"Read density, control",control,Gene Expression,RNA-Seq,Density plot,C. auris,B8441,Simm et al.,35412372
Simm_PP_R3a_expt_alignments,Simm et al DGE in presence of pyrvinium pamoate (tech rep a; biol rep 3) alignments,"Aligned strand-specific, single-end reads, pyrvinium pamoate",Pyrvinium pamoate,Gene Expression,RNA-Seq,Aligned reads,C. auris,B8441,Simm et al.,35412372
Simm_PP_R3a_expt_coverage,Simm et al DGE in presence of pyrvinium pamoate (tech rep a; biol rep 3) coverage,"Read coverage, pyrvinium pamoate",Pyrvinium pamoate,Gene Expression,RNA-Seq,Coverage plot,C. auris,B8441,Simm et al.,35412372
Simm_PP_R3a_expt_density,Simm et al DGE in presence of pyrvinium pamoate (tech rep a; biol rep 3) density,"Read density, pyrvinium pamoate",Pyrvinium pamoate,Gene Expression,RNA-Seq,Density plot,C. auris,B8441,Simm et al.,35412372
Simm_PP_R3b_expt_alignments,Simm et al DGE in presence of pyrvinium pamoate (tech rep b; biol rep 3) alignments,"Aligned strand-specific, single-end reads, pyrvinium pamoate",Pyrvinium pamoate,Gene Expression,RNA-Seq,Aligned reads,C. auris,B8441,Simm et al.,35412372
Simm_PP_R3b_expt_coverage,Simm et al DGE in presence of pyrvinium pamoate (tech rep b; biol rep 3) coverage,"Read coverage, pyrvinium pamoate",Pyrvinium pamoate,Gene Expression,RNA-Seq,Coverage plot,C. auris,B8441,Simm et al.,35412372
Simm_PP_R3b_expt_density,Simm et al DGE in presence of pyrvinium pamoate (tech rep b; biol rep 3) density,"Read density, pyrvinium pamoate",Pyrvinium pamoate,Gene Expression,RNA-Seq,Density plot,C. auris,B8441,Simm et al.,35412372
Jakab_R1_control_alignments,Jakab et al control (biol rep 1) alignments,"Aligned strand-specific, single-end reads, control",control,Gene Expression,RNA-Seq,Aligned reads,C. auris,B8441,Jakab et al.,34643421
Jakab_R1_control_coverage,Jakab et al control (biol rep 1) coverage,"Read coverage, control",control,Gene Expression,RNA-Seq,Coverage plot,C. auris,B8441,Jakab et al.,34643421
Jakab_R1_control_density,Jakab et al control (biol rep 1) density,"Read density, control",control,Gene Expression,RNA-Seq,Density plot,C. auris,B8441,Jakab et al.,34643421
Jakab_R1_expt_alignments,Jakab et al DGE in presence of farnesol (biol rep 1) alignments,"Aligned strand-specific, single-end reads, farnesol",farnesol,Gene Expression,RNA-Seq,Aligned reads,C. auris,B8441,Jakab et al.,34643421
Jakab_R1_expt_coverage,Jakab et al DGE in presence of farnesol (biol rep 1) coverage,"Read coverage, farnesol",farnesol,Gene Expression,RNA-Seq,Coverage plot,C. auris,B8441,Jakab et al.,34643421
Jakab_R1_expt_density,Jakab et al DGE in presence of farnesol (biol rep 1) density,"Read density, farnesol",farnesol,Gene Expression,RNA-Seq,Density plot,C. auris,B8441,Jakab et al.,34643421
Jakab_R2_control_alignments,Jakab et al control (biol rep 2) alignments,"Aligned strand-specific, single-end reads, control",control,Gene Expression,RNA-Seq,Aligned reads,C. auris,B8441,Jakab et al.,34643421
Jakab_R2_control_coverage,Jakab et al control (biol rep 2) coverage,"Read coverage, control",control,Gene Expression,RNA-Seq,Coverage plot,C. auris,B8441,Jakab et al.,34643421
Jakab_R2_control_density,Jakab et al control (biol rep 2) density,"Read density, control",control,Gene Expression,RNA-Seq,Density plot,C. auris,B8441,Jakab et al.,34643421
Jakab_R2_expt_alignments,Jakab et al DGE in presence of farnesol (biol rep 2) alignments,"Aligned strand-specific, single-end reads, farnesol",farnesol,Gene Expression,RNA-Seq,Aligned reads,C. auris,B8441,Jakab et al.,34643421
Jakab_R2_expt_coverage,Jakab et al DGE in presence of farnesol (biol rep 2) coverage,"Read coverage, farnesol",farnesol,Gene Expression,RNA-Seq,Coverage plot,C. auris,B8441,Jakab et al.,34643421
Jakab_R2_expt_density,Jakab et al DGE in presence of farnesol (biol rep 2) density,"Read density, farnesol",farnesol,Gene Expression,RNA-Seq,Density plot,C. auris,B8441,Jakab et al.,34643421
Jakab_R3_control_alignments,Jakab et al control (biol rep 3) alignments,"Aligned strand-specific, single-end reads, control",control,Gene Expression,RNA-Seq,Aligned reads,C. auris,B8441,Jakab et al.,34643421
Jakab_R3_control_coverage,Jakab et al control (biol rep 3) coverage,"Read coverage, control",control,Gene Expression,RNA-Seq,Coverage plot,C. auris,B8441,Jakab et al.,34643421
Jakab_R3_control_density,Jakab et al control (biol rep 3) density,"Read density, control",control,Gene Expression,RNA-Seq,Density plot,C. auris,B8441,Jakab et al.,34643421
Jakab_R3_expt_alignments,Jakab et al DGE in presence of farnesol (biol rep 3) alignments,"Aligned strand-specific, single-end reads, farnesol",farnesol,Gene Expression,RNA-Seq,Aligned reads,C. auris,B8441,Jakab et al.,34643421
Jakab_R3_expt_coverage,Jakab et al DGE in presence of farnesol (biol rep 3) coverage,"Read coverage, farnesol",farnesol,Gene Expression,RNA-Seq,Coverage plot,C. auris,B8441,Jakab et al.,34643421
Jakab_R3_expt_density,Jakab et al DGE in presence of farnesol (biol rep 3) density,"Read density, farnesol",farnesol,Gene Expression,RNA-Seq,Density plot,C. auris,B8441,Jakab et al.,34643421
Biermann_AR0390_control_R1_alignments,Biermann et al control (strain ARO390; biol rep 1) alignments,"Aligned strand-specific, paired-end reads, ARO390 control",control,Gene Expression,RNA-Seq,Aligned reads,C. auris,B8441,Biermann et al.,"	35473297"
Biermann_AR0390_control_R1_coverage,Biermann et al control (strain ARO390; biol rep 1) coverage,"Read coverage, ARO390 control",control,Gene Expression,RNA-Seq,Coverage plot,C. auris,B8441,Biermann et al.,"	35473297"
Biermann_AR0390_control_R1_density,Biermann et al control (strain ARO390; biol rep 1) density,"Read density, ARO390 control",control,Gene Expression,RNA-Seq,Density plot,C. auris,B8441,Biermann et al.,"	35473297"
Biermann_AR0390_control_R2_alignments,Biermann et al control (strain ARO390; biol rep 2) alignments,"Aligned strand-specific, paired-end reads, ARO390 control",control,Gene Expression,RNA-Seq,Aligned reads,C. auris,B8441,Biermann et al.,"	35473297"
Biermann_AR0390_control_R2_coverage,Biermann et al control (strain ARO390; biol rep 2) coverage,"Read coverage, ARO390 control",control,Gene Expression,RNA-Seq,Coverage plot,C. auris,B8441,Biermann et al.,"	35473297"
Biermann_AR0390_control_R2_density,Biermann et al control (strain ARO390; biol rep 2) density,"Read density, ARO390 control",control,Gene Expression,RNA-Seq,Density plot,C. auris,B8441,Biermann et al.,"	35473297"
Biermann_AR0390_control_R3_alignments,Biermann et al control (strain ARO390; biol rep 3) alignments,"Aligned strand-specific, paired-end reads, ARO390 control",control,Gene Expression,RNA-Seq,Aligned reads,C. auris,B8441,Biermann et al.,"	35473297"
Biermann_AR0390_control_R3_coverage,Biermann et al control (strain ARO390; biol rep 3) coverage,"Read coverage, ARO390 control",control,Gene Expression,RNA-Seq,Coverage plot,C. auris,B8441,Biermann et al.,"	35473297"
Biermann_AR0390_control_R3_density,Biermann et al control (strain ARO390; biol rep 3) density,"Read density, ARO390 control",control,Gene Expression,RNA-Seq,Density plot,C. auris,B8441,Biermann et al.,"	35473297"
Biermann_AR0390_MG_R1_alignments,Biermann et al DGE in presence of methylglyoxal  (strain ARO390; biol rep 1) alignments,"Aligned strand-specific, paired-end reads, ARO390 methylglyoxal",methylglyoxal,Gene Expression,RNA-Seq,Aligned reads,C. auris,B8441,Biermann et al.,"	35473297"
Biermann_AR0390_MG_R1_coverage,Biermann et al DGE in presence of methylglyoxal (strain ARO390; biol rep 1) coverage,"Read coverage, ARO390 methylglyoxal",methylglyoxal,Gene Expression,RNA-Seq,Coverage plot,C. auris,B8441,Biermann et al.,"	35473297"
Biermann_AR0390_MG_R1_density,Biermann et al DGE in presence of methylglyoxal (strain ARO390; biol rep 1) density,"Read density, ARO390 methylglyoxal",methylglyoxal,Gene Expression,RNA-Seq,Density plot,C. auris,B8441,Biermann et al.,"	35473297"
Biermann_AR0390_MG_R2_alignments,Biermann et al DGE in presence of methylglyoxal (strain ARO390; biol rep 2) alignments,"Aligned strand-specific, paired-end reads, ARO390 methylglyoxal",methylglyoxal,Gene Expression,RNA-Seq,Aligned reads,C. auris,B8441,Biermann et al.,"	35473297"
Biermann_AR0390_MG_R2_coverage,Biermann et al DGE in presence of methylglyoxal (strain ARO390; biol rep 2) coverage,"Read coverage, ARO390 methylglyoxal",methylglyoxal,Gene Expression,RNA-Seq,Coverage plot,C. auris,B8441,Biermann et al.,"	35473297"
Biermann_AR0390_MG_R2_density,Biermann et al DGE in presence of methylglyoxal (strain ARO390; biol rep 2) density,"Read density, ARO390 methylglyoxal",methylglyoxal,Gene Expression,RNA-Seq,Density plot,C. auris,B8441,Biermann et al.,"	35473297"
Biermann_AR0390_MG_R3_alignments,Biermann et al DGE in presence of methylglyoxal (strain ARO390; biol rep 3) alignments,"Aligned strand-specific, paired-end reads, ARO390 methylglyoxal",methylglyoxal,Gene Expression,RNA-Seq,Aligned reads,C. auris,B8441,Biermann et al.,"	35473297"
Biermann_AR0390_MG_R3_coverage,Biermann et al DGE in presence of methylglyoxal (strain ARO390; biol rep 3) coverage,"Read coverage, ARO390 methylglyoxal",methylglyoxal,Gene Expression,RNA-Seq,Coverage plot,C. auris,B8441,Biermann et al.,"	35473297"
Biermann_AR0390_MG_R3_density,Biermann et al DGE in presence of methylglyoxal (strain ARO390; biol rep 3) density,"Read density, ARO390 methylglyoxal",methylglyoxal,Gene Expression,RNA-Seq,Density plot,C. auris,B8441,Biermann et al.,"	35473297"
Biermann_B11221_WT_control_R1_alignments,Biermann et al control (strain B11221; biol rep 1) alignments,"Aligned strand-specific, paired-end reads, B11221 control",control,Gene Expression,RNA-Seq,Aligned reads,C. auris,B8441,Biermann et al.,"	35473297"
Biermann_B11221_WT_control_R1_coverage,Biermann et al control (strain B11221; biol rep 1) coverage,"Read coverage, B11221 control",control,Gene Expression,RNA-Seq,Coverage plot,C. auris,B8441,Biermann et al.,"	35473297"
Biermann_B11221_WT_control_R1_density,Biermann et al control (strain B11221; biol rep 1) density,"Read density, B11221 control",control,Gene Expression,RNA-Seq,Density plot,C. auris,B8441,Biermann et al.,"	35473297"
Biermann_B11221_WT_control_R2_alignments,Biermann et al control (strain B11221; biol rep 2) alignments,"Aligned strand-specific, paired-end reads, B11221 control",control,Gene Expression,RNA-Seq,Aligned reads,C. auris,B8441,Biermann et al.,"	35473297"
Biermann_B11221_WT_control_R2_coverage,Biermann et al control (strain B11221; biol rep 2) coverage,"Read coverage, B11221 control",control,Gene Expression,RNA-Seq,Coverage plot,C. auris,B8441,Biermann et al.,"	35473297"
Biermann_B11221_WT_control_R2_density,Biermann et al control (strain B11221; biol rep 2) density,"Read density, B11221 control",control,Gene Expression,RNA-Seq,Density plot,C. auris,B8441,Biermann et al.,"	35473297"
Biermann_B11221_WT_control_R3_alignments,Biermann et al control (strain B11221; biol rep 3) alignments,"Aligned strand-specific, paired-end reads, B11221 control",control,Gene Expression,RNA-Seq,Aligned reads,C. auris,B8441,Biermann et al.,"	35473297"
Biermann_B11221_WT_control_R3_coverage,Biermann et al control (strain B11221; biol rep 3) coverage,"Read coverage, B11221 control",control,Gene Expression,RNA-Seq,Coverage plot,C. auris,B8441,Biermann et al.,"	35473297"
Biermann_B11221_WT_control_R3_density,Biermann et al control (strain B11221; biol rep 3) density,"Read density, B11221 control",control,Gene Expression,RNA-Seq,Density plot,C. auris,B8441,Biermann et al.,"	35473297"
Biermann_B11221_WT_MG_R1_alignments,Biermann et al DGE in presence of methylglyoxal (strain B11221; biol rep 1) alignments,"Aligned strand-specific, paired-end reads, B11221 methylglyoxal ",methylglyoxal,Gene Expression,RNA-Seq,Aligned reads,C. auris,B8441,Biermann et al.,"	35473297"
Biermann_B11221_WT_MG_R1_coverage,Biermann et al DGE in presence of methylglyoxal (strain B11221; biol rep 1) coverage,"Read coverage, B11221 methylglyoxal ",methylglyoxal,Gene Expression,RNA-Seq,Coverage plot,C. auris,B8441,Biermann et al.,"	35473297"
Biermann_B11221_WT_MG_R1_density,Biermann et al DGE in presence of methylglyoxal (strain B11221; biol rep 1) density,"Read density, B11221 methylglyoxal ",methylglyoxal,Gene Expression,RNA-Seq,Density plot,C. auris,B8441,Biermann et al.,"	35473297"
Biermann_B11221_WT_MG_R2_alignments,Biermann et al DGE in presence of methylglyoxal (strain B11221; biol rep 2) alignments,"Aligned strand-specific, paired-end reads, B11221 methylglyoxal ",methylglyoxal,Gene Expression,RNA-Seq,Aligned reads,C. auris,B8441,Biermann et al.,"	35473297"
Biermann_B11221_WT_MG_R2_coverage,Biermann et al DGE in presence of methylglyoxal (strain B11221; biol rep 2) coverage,"Read coverage, B11221 methylglyoxal ",methylglyoxal,Gene Expression,RNA-Seq,Coverage plot,C. auris,B8441,Biermann et al.,"	35473297"
Biermann_B11221_WT_MG_R2_density,Biermann et al DGE in presence of methylglyoxal (strain B11221; biol rep 2) density,"Read density, B11221 methylglyoxal ",methylglyoxal,Gene Expression,RNA-Seq,Density plot,C. auris,B8441,Biermann et al.,"	35473297"
Biermann_B11221_WT_MG_R3_alignments,Biermann et al DGE in presence of methylglyoxal (strain B11221; biol rep 3) alignments,"Aligned strand-specific, paired-end reads, B11221 methylglyoxal ",methylglyoxal,Gene Expression,RNA-Seq,Aligned reads,C. auris,B8441,Biermann et al.,"	35473297"
Biermann_B11221_WT_MG_R3_coverage,Biermann et al DGE in presence of methylglyoxal (strain B11221; biol rep 3) coverage,"Read coverage, B11221 methylglyoxal ",methylglyoxal,Gene Expression,RNA-Seq,Coverage plot,C. auris,B8441,Biermann et al.,"	35473297"
Biermann_B11221_WT_MG_R3_density,Biermann et al DGE in presence of methylglyoxal (strain B11221; biol rep 3) density,"Read density, B11221 methylglyoxal ",methylglyoxal,Gene Expression,RNA-Seq,Density plot,C. auris,B8441,Biermann et al.,"	35473297"
Biermann_B11221_WT_BEN_R1_alignments,Biermann et al DGE in presence of benomyl (strain B11221; biol rep 1) alignments,"Aligned strand-specific, paired-end reads, B11221 benomyl",benomyl,Gene Expression,RNA-Seq,Aligned reads,C. auris,B8441,Biermann et al.,"	35473297"
Biermann_B11221_WT_BEN_R1_coverage,Biermann et al DGE in presence of benomyl (strain B11221; biol rep 1) coverage,"Read coverage, B11221 benomyl",benomyl,Gene Expression,RNA-Seq,Coverage plot,C. auris,B8441,Biermann et al.,"	35473297"
Biermann_B11221_WT_BEN_R1_density,Biermann et al DGE in presence of benomyl (strain B11221; biol rep 1) density,"Read density, B11221 benomyl",benomyl,Gene Expression,RNA-Seq,Density plot,C. auris,B8441,Biermann et al.,"	35473297"
Biermann_B11221_WT_BEN_R2_alignments,Biermann et al DGE in presence of benomyl (strain B11221; biol rep 2) alignments,"Aligned strand-specific, paired-end reads, B11221 benomyl",benomyl,Gene Expression,RNA-Seq,Aligned reads,C. auris,B8441,Biermann et al.,"	35473297"
Biermann_B11221_WT_BEN_R2_coverage,Biermann et al DGE in presence of benomyl (strain B11221; biol rep 2) coverage,"Read coverage, B11221 benomyl",benomyl,Gene Expression,RNA-Seq,Coverage plot,C. auris,B8441,Biermann et al.,"	35473297"
Biermann_B11221_WT_BEN_R2_density,Biermann et al DGE in presence of benomyl (strain B11221; biol rep 2) density,"Read density, B11221 benomyl",benomyl,Gene Expression,RNA-Seq,Density plot,C. auris,B8441,Biermann et al.,"	35473297"
Biermann_B11221_WT_BEN_R3_alignments,Biermann et al DGE in presence of benomyl (strain B11221; biol rep 3) alignments,"Aligned strand-specific, paired-end reads, B11221 benomyl",benomyl,Gene Expression,RNA-Seq,Aligned reads,C. auris,B8441,Biermann et al.,"	35473297"
Biermann_B11221_WT_BEN_R3_coverage,Biermann et al DGE in presence of benomyl (strain B11221; biol rep 3) coverage,"Read coverage, B11221 benomyl",benomyl,Gene Expression,RNA-Seq,Coverage plot,C. auris,B8441,Biermann et al.,"	35473297"
Biermann_B11221_WT_BEN_R3_density,Biermann et al DGE in presence of benomyl (strain B11221; biol rep 3) density,"Read density, B11221 benomyl",benomyl,Gene Expression,RNA-Seq,Density plot,C. auris,B8441,Biermann et al.,"	35473297"
Biermann_B11221_mrr1a_control_R1_alignments,Biermann et al control (strain B11221_mrr1a; biol rep 1) alignments,"Aligned strand-specific, paired-end reads, B11221_mrr1a control",control,Gene Expression,RNA-Seq,Aligned reads,C. auris,B8441,Biermann et al.,"	35473297"
Biermann_B11221_mrr1a_control_R1_coverage,Biermann et al control (strain B11221_mrr1a; biol rep 1) coverage,"Read coverage, B11221_mrr1a control",control,Gene Expression,RNA-Seq,Coverage plot,C. auris,B8441,Biermann et al.,"	35473297"
Biermann_B11221_mrr1a_control_R1_density,Biermann et al control (strain B11221_mrr1a; biol rep 1) density,"Read density, B11221_mrr1a control",control,Gene Expression,RNA-Seq,Density plot,C. auris,B8441,Biermann et al.,"	35473297"
Biermann_B11221_mrr1a_control_R2_alignments,Biermann et al control (strain B11221_mrr1a; biol rep 2) alignments,"Aligned strand-specific, paired-end reads, B11221_mrr1a control",control,Gene Expression,RNA-Seq,Aligned reads,C. auris,B8441,Biermann et al.,"	35473297"
Biermann_B11221_mrr1a_control_R2_coverage,Biermann et al control (strain B11221_mrr1a; biol rep 2) coverage,"Read coverage, B11221_mrr1a control",control,Gene Expression,RNA-Seq,Coverage plot,C. auris,B8441,Biermann et al.,"	35473297"
Biermann_B11221_mrr1a_control_R2_density,Biermann et al control (strain B11221_mrr1a; biol rep 2) density,"Read density, B11221_mrr1a control",control,Gene Expression,RNA-Seq,Density plot,C. auris,B8441,Biermann et al.,"	35473297"
Biermann_B11221_mrr1a_control_R3_alignments,Biermann et al control (strain B11221_mrr1a; biol rep 3) alignments,"Aligned strand-specific, paired-end reads, B11221_mrr1a control",control,Gene Expression,RNA-Seq,Aligned reads,C. auris,B8441,Biermann et al.,"	35473297"
Biermann_B11221_mrr1a_control_R3_coverage,Biermann et al control (strain B11221_mrr1a; biol rep 3) coverage,"Read coverage, B11221_mrr1a control",control,Gene Expression,RNA-Seq,Coverage plot,C. auris,B8441,Biermann et al.,"	35473297"
Biermann_B11221_mrr1a_control_R3_density,Biermann et al control (strain B11221_mrr1a; biol rep 3) density,"Read density, B11221_mrr1a control",control,Gene Expression,RNA-Seq,Density plot,C. auris,B8441,Biermann et al.,"	35473297"
Biermann_B11221_mrr1a_MG_R1_alignments,Biermann et al DGE in presence of methylglyoxal (strain B11221_mrr1a; biol rep 1) alignments,"Aligned strand-specific, paired-end reads, B11221_mrr1a methylglyoxal",methylglyoxal,Gene Expression,RNA-Seq,Aligned reads,C. auris,B8441,Biermann et al.,"	35473297"
Biermann_B11221_mrr1a_MG_R1_coverage,Biermann et al DGE in presence of methylglyoxal (strain B11221_mrr1a; biol rep 1) coverage,"Read coverage, B11221_mrr1a methylglyoxal",methylglyoxal,Gene Expression,RNA-Seq,Coverage plot,C. auris,B8441,Biermann et al.,"	35473297"
Biermann_B11221_mrr1a_MG_R1_density,Biermann et al DGE in presence of methylglyoxal (strain B11221_mrr1a; biol rep 1) density,"Read density, B11221_mrr1a methylglyoxal",methylglyoxal,Gene Expression,RNA-Seq,Density plot,C. auris,B8441,Biermann et al.,"	35473297"
Biermann_B11221_mrr1a_MG_R2_alignments,Biermann et al DGE in presence of methylglyoxal (strain B11221_mrr1a; biol rep 2) alignments,"Aligned strand-specific, paired-end reads, B11221_mrr1a methylglyoxal",methylglyoxal,Gene Expression,RNA-Seq,Aligned reads,C. auris,B8441,Biermann et al.,"	35473297"
Biermann_B11221_mrr1a_MG_R2_coverage,Biermann et al DGE in presence of methylglyoxal (strain B11221_mrr1a; biol rep 2) coverage,"Read coverage, B11221_mrr1a methylglyoxal",methylglyoxal,Gene Expression,RNA-Seq,Coverage plot,C. auris,B8441,Biermann et al.,"	35473297"
Biermann_B11221_mrr1a_MG_R2_density,Biermann et al DGE in presence of methylglyoxal (strain B11221_mrr1a; biol rep 2) density,"Read density, B11221_mrr1a methylglyoxal",methylglyoxal,Gene Expression,RNA-Seq,Density plot,C. auris,B8441,Biermann et al.,"	35473297"
Biermann_B11221_mrr1a_MG_R3_alignments,Biermann et al DGE in presence of methylglyoxal (strain B11221_mrr1a; biol rep 3) alignments,"Aligned strand-specific, paired-end reads, B11221_mrr1a methylglyoxal",methylglyoxal,Gene Expression,RNA-Seq,Aligned reads,C. auris,B8441,Biermann et al.,"	35473297"
Biermann_B11221_mrr1a_MG_R3_coverage,Biermann et al DGE in presence of methylglyoxal (strain B11221_mrr1a; biol rep 3) coverage,"Read coverage, B11221_mrr1a methylglyoxal",methylglyoxal,Gene Expression,RNA-Seq,Coverage plot,C. auris,B8441,Biermann et al.,"	35473297"
Biermann_B11221_mrr1a_MG_R3_density,Biermann et al DGE in presence of methylglyoxal (strain B11221_mrr1a; biol rep 3) density,"Read density, B11221_mrr1a methylglyoxal",methylglyoxal,Gene Expression,RNA-Seq,Density plot,C. auris,B8441,Biermann et al.,"	35473297"
Biermann_B11221_mrr1a_BEN_R1_alignments,Biermann et al DGE in presence of benomyl (strain B11221_mrr1a; biol rep 1) alignments,"Aligned strand-specific, paired-end reads, B11221_mrr1a benomyl",benomyl,Gene Expression,RNA-Seq,Aligned reads,C. auris,B8441,Biermann et al.,"	35473297"
Biermann_B11221_mrr1a_BEN_R1_coverage,Biermann et al DGE in presence of benomyl (strain B11221_mrr1a; biol rep 1) coverage,"Read coverage, B11221_mrr1a benomyl",benomyl,Gene Expression,RNA-Seq,Coverage plot,C. auris,B8441,Biermann et al.,"	35473297"
Biermann_B11221_mrr1a_BEN_R1_density,Biermann et al DGE in presence of benomyl (strain B11221_mrr1a; biol rep 1) density,"Read density, B11221_mrr1a benomyl",benomyl,Gene Expression,RNA-Seq,Density plot,C. auris,B8441,Biermann et al.,"	35473297"
Biermann_B11221_mrr1a_BEN_R2_alignments,Biermann et al DGE in presence of benomyl (strain B11221_mrr1a; biol rep 2) alignments,"Aligned strand-specific, paired-end reads, B11221_mrr1a benomyl",benomyl,Gene Expression,RNA-Seq,Aligned reads,C. auris,B8441,Biermann et al.,"	35473297"
Biermann_B11221_mrr1a_BEN_R2_coverage,Biermann et al DGE in presence of benomyl (strain B11221_mrr1a; biol rep 2) coverage,"Read coverage, B11221_mrr1a benomyl",benomyl,Gene Expression,RNA-Seq,Coverage plot,C. auris,B8441,Biermann et al.,"	35473297"
Biermann_B11221_mrr1a_BEN_R2_density,Biermann et al DGE in presence of benomyl (strain B11221_mrr1a; biol rep 2) density,"Read density, B11221_mrr1a benomyl",benomyl,Gene Expression,RNA-Seq,Density plot,C. auris,B8441,Biermann et al.,"	35473297"
Biermann_B11221_mrr1a_BEN_R3_alignments,Biermann et al DGE in presence of benomyl (strain B11221_mrr1a; biol rep 3) alignments,"Aligned strand-specific, paired-end reads, B11221_mrr1a benomyl",benomyl,Gene Expression,RNA-Seq,Aligned reads,C. auris,B8441,Biermann et al.,"	35473297"
Biermann_B11221_mrr1a_BEN_R3_coverage,Biermann et al DGE in presence of benomyl (strain B11221_mrr1a; biol rep 3) coverage,"Read coverage, B11221_mrr1a benomyl",benomyl,Gene Expression,RNA-Seq,Coverage plot,C. auris,B8441,Biermann et al.,"	35473297"
Biermann_B11221_mrr1a_BEN_R3_density,Biermann et al DGE in presence of benomyl (strain B11221_mrr1a; biol rep 3) density,"Read density, B11221_mrr1a benomyl",benomyl,Gene Expression,RNA-Seq,Density plot,C. auris,B8441,Biermann et al.,"	35473297"
Balla_R1_control_alignments,Balla et al control (biol rep 1) alignments,"Aligned single-end reads, control",control,Gene Expression,RNA-Seq,Aligned reads,C. auris,B8441,Balla et al.,37532970
Balla_R1_control_coverage,Balla et al control (biol rep 1) coverage,"Read coverage, control",control,Gene Expression,RNA-Seq,Coverage plot,C. auris,B8441,Balla et al.,37532970
Balla_R1_control_density,Balla et al control (biol rep 1) density,"Read density, control",control,Gene Expression,RNA-Seq,Density plot,C. auris,B8441,Balla et al.,37532970
Balla_R2_control_alignments,Balla et al control (biol rep 2) alignments,"Aligned single-end reads, control",control,Gene Expression,RNA-Seq,Aligned reads,C. auris,B8441,Balla et al.,37532970
Balla_R2_control_coverage,Balla et al control (biol rep 2) coverage,"Read coverage, control",control,Gene Expression,RNA-Seq,Coverage plot,C. auris,B8441,Balla et al.,37532970
Balla_R2_control_density,Balla et al control (biol rep 2) density,"Read density, control",control,Gene Expression,RNA-Seq,Density plot,C. auris,B8441,Balla et al.,37532970
Balla_R3_control_alignments,Balla et al control (biol rep 3) alignments,"Aligned single-end reads, control",control,Gene Expression,RNA-Seq,Aligned reads,C. auris,B8441,Balla et al.,37532970
Balla_R3_control_coverage,Balla et al control (biol rep 3) coverage,"Read coverage, control",control,Gene Expression,RNA-Seq,Coverage plot,C. auris,B8441,Balla et al.,37532970
Balla_R3_control_density,Balla et al control (biol rep 3) density,"Read density, control",control,Gene Expression,RNA-Seq,Density plot,C. auris,B8441,Balla et al.,37532970
Balla_R1_expt_alignments,Balla et al DGE in presence of tyrosol (biol rep 1) alignments,"Aligned single-end reads, tyrosol",tyrosol,Gene Expression,RNA-Seq,Aligned reads,C. auris,B8441,Balla et al.,37532970
Balla_R1_expt_coverage,Balla et al DGE in presence of tyrosol (biol rep 1) coverage,"Read coverage, tyrosol",tyrosol,Gene Expression,RNA-Seq,Coverage plot,C. auris,B8441,Balla et al.,37532970
Balla_R1_expt_density,Balla et al DGE in presence of tyrosol (biol rep 1) density,"Read density, tyrosol",tyrosol,Gene Expression,RNA-Seq,Density plot,C. auris,B8441,Balla et al.,37532970
Balla_R2_expt_alignments,Balla et al DGE in presence of tyrosol (biol rep 2) alignments,"Aligned single-end reads, tyrosol",tyrosol,Gene Expression,RNA-Seq,Aligned reads,C. auris,B8441,Balla et al.,37532970
Balla_R2_expt_coverage,Balla et al DGE in presence of tyrosol (biol rep 2) coverage,"Read coverage, tyrosol",tyrosol,Gene Expression,RNA-Seq,Coverage plot,C. auris,B8441,Balla et al.,37532970
Balla_R2_expt_density,Balla et al DGE in presence of tyrosol (biol rep 2) density,"Read density, tyrosol",tyrosol,Gene Expression,RNA-Seq,Density plot,C. auris,B8441,Balla et al.,37532970
Balla_R3_expt_alignments,Balla et al DGE in presence of tyrosol (biol rep 3) alignments,"Aligned single-end reads, tyrosol",tyrosol,Gene Expression,RNA-Seq,Aligned reads,C. auris,B8441,Balla et al.,37532970
Balla_R3_expt_coverage,Balla et al DGE in presence of tyrosol (biol rep 3) coverage,"Read coverage, tyrosol",tyrosol,Gene Expression,RNA-Seq,Coverage plot,C. auris,B8441,Balla et al.,37532970
Balla_R3_expt_density,Balla et al DGE in presence of tyrosol (biol rep 3) density,"Read density, tyrosol",tyrosol,Gene Expression,RNA-Seq,Density plot,C. auris,B8441,Balla et al.,37532970
Jenull_CBS10913_R1_alignments,Jenull et al  (strain CBS10913; biol rep 1) alignments,"Aligned single-end reads, CBS10913",,Gene Expression,RNA-Seq,Aligned reads,C. auris,B8441,Jenull et al.,33937102
Jenull_CBS10913_R1_coverage,Jenull et al  (strain CBS10913; biol rep 1) coverage,"Read coverage, CBS10913",,Gene Expression,RNA-Seq,Coverage plot,C. auris,B8441,Jenull et al.,33937102
Jenull_CBS10913_R1_density,Jenull et al  (strain CBS10913; biol rep 1) density,"Read density, CBS10913",,Gene Expression,RNA-Seq,Density plot,C. auris,B8441,Jenull et al.,33937102
Jenull_CBS10913_R2_alignments,Jenull et al  (strain CBS10913; biol rep 2) alignments,"Aligned single-end reads, CBS10913",,Gene Expression,RNA-Seq,Aligned reads,C. auris,B8441,Jenull et al.,33937102
Jenull_CBS10913_R2_coverage,Jenull et al  (strain CBS10913; biol rep 2) coverage,"Read coverage, CBS10913",,Gene Expression,RNA-Seq,Coverage plot,C. auris,B8441,Jenull et al.,33937102
Jenull_CBS10913_R2_density,Jenull et al  (strain CBS10913; biol rep 2) density,"Read density, CBS10913",,Gene Expression,RNA-Seq,Density plot,C. auris,B8441,Jenull et al.,33937102
Jenull_CBS10913_R3_alignments,Jenull et al  (strain CBS10913; biol rep 3) alignments,"Aligned single-end reads, CBS10913",,Gene Expression,RNA-Seq,Aligned reads,C. auris,B8441,Jenull et al.,33937102
Jenull_CBS10913_R3_coverage,Jenull et al  (strain CBS10913; biol rep 3) coverage,"Read coverage, CBS10913",,Gene Expression,RNA-Seq,Coverage plot,C. auris,B8441,Jenull et al.,33937102
Jenull_CBS10913_R3_density,Jenull et al  (strain CBS10913; biol rep 3) density,"Read density, CBS10913",,Gene Expression,RNA-Seq,Density plot,C. auris,B8441,Jenull et al.,33937102
Jenull_470140_R1_alignments,Jenull et al  (strain 470140; biol rep 1) alignments,"Aligned single-end reads, 470140",,Gene Expression,RNA-Seq,Aligned reads,C. auris,B8441,Jenull et al.,33937102
Jenull_470140_R1_coverage,Jenull et al  (strain 470140; biol rep 1) coverage,"Read coverage, 470140",,Gene Expression,RNA-Seq,Coverage plot,C. auris,B8441,Jenull et al.,33937102
Jenull_470140_R1_density,Jenull et al  (strain 470140; biol rep 1) density,"Read density, 470140",,Gene Expression,RNA-Seq,Density plot,C. auris,B8441,Jenull et al.,33937102
Jenull_470140_R2_alignments,Jenull et al  (strain 470140; biol rep 2) alignments,"Aligned single-end reads, 470140",,Gene Expression,RNA-Seq,Aligned reads,C. auris,B8441,Jenull et al.,33937102
Jenull_470140_R2_coverage,Jenull et al  (strain 470140; biol rep 2) coverage,"Read coverage, 470140",,Gene Expression,RNA-Seq,Coverage plot,C. auris,B8441,Jenull et al.,33937102
Jenull_470140_R2_density,Jenull et al  (strain 470140; biol rep 2) density,"Read density, 470140",,Gene Expression,RNA-Seq,Density plot,C. auris,B8441,Jenull et al.,33937102
Jenull_470140_R3_alignments,Jenull et al  (strain 470140; biol rep 3) alignments,"Aligned single-end reads, 470140",,Gene Expression,RNA-Seq,Aligned reads,C. auris,B8441,Jenull et al.,33937102
Jenull_470140_R3_coverage,Jenull et al  (strain 470140; biol rep 3) coverage,"Read coverage, 470140",,Gene Expression,RNA-Seq,Coverage plot,C. auris,B8441,Jenull et al.,33937102
Jenull_470140_R3_density,Jenull et al  (strain 470140; biol rep 3) density,"Read density, 470140",,Gene Expression,RNA-Seq,Density plot,C. auris,B8441,Jenull et al.,33937102
Jenull_470147_R1_alignments,Jenull et al  (strain 470147; biol rep 1) alignments,"Aligned single-end reads, 470147",,Gene Expression,RNA-Seq,Aligned reads,C. auris,B8441,Jenull et al.,33937102
Jenull_470147_R1_coverage,Jenull et al  (strain 470147; biol rep 1) coverage,"Read coverage, 470147",,Gene Expression,RNA-Seq,Coverage plot,C. auris,B8441,Jenull et al.,33937102
Jenull_470147_R1_density,Jenull et al  (strain 470147; biol rep 1) density,"Read density, 470147",,Gene Expression,RNA-Seq,Density plot,C. auris,B8441,Jenull et al.,33937102
Jenull_470147_R2_alignments,Jenull et al  (strain 470147; biol rep 2) alignments,"Aligned single-end reads, 470147",,Gene Expression,RNA-Seq,Aligned reads,C. auris,B8441,Jenull et al.,33937102
Jenull_470147_R2_coverage,Jenull et al  (strain 470147; biol rep 2) coverage,"Read coverage, 470147",,Gene Expression,RNA-Seq,Coverage plot,C. auris,B8441,Jenull et al.,33937102
Jenull_470147_R2_density,Jenull et al  (strain 470147; biol rep 2) density,"Read density, 470147",,Gene Expression,RNA-Seq,Density plot,C. auris,B8441,Jenull et al.,33937102
Jenull_470147_R3_alignments,Jenull et al  (strain 470147; biol rep 3) alignments,"Aligned single-end reads, 470147",,Gene Expression,RNA-Seq,Aligned reads,C. auris,B8441,Jenull et al.,33937102
Jenull_470147_R3_coverage,Jenull et al  (strain 470147; biol rep 3) coverage,"Read coverage, 470147",,Gene Expression,RNA-Seq,Coverage plot,C. auris,B8441,Jenull et al.,33937102
Jenull_470147_R3_density,Jenull et al  (strain 470147; biol rep 3) density,"Read density, 470147",,Gene Expression,RNA-Seq,Density plot,C. auris,B8441,Jenull et al.,33937102
Jenull_470154_R1_alignments,Jenull et al  (strain 470154; biol rep 1) alignments,"Aligned single-end reads, 470154",,Gene Expression,RNA-Seq,Aligned reads,C. auris,B8441,Jenull et al.,33937102
Jenull_470154_R1_coverage,Jenull et al  (strain 470154; biol rep 1) coverage,"Read coverage, 470154",,Gene Expression,RNA-Seq,Coverage plot,C. auris,B8441,Jenull et al.,33937102
Jenull_470154_R1_density,Jenull et al  (strain 470154; biol rep 1) density,"Read density, 470154",,Gene Expression,RNA-Seq,Density plot,C. auris,B8441,Jenull et al.,33937102
Jenull_470154_R2_alignments,Jenull et al  (strain 470154; biol rep 2) alignments,"Aligned single-end reads, 470154",,Gene Expression,RNA-Seq,Aligned reads,C. auris,B8441,Jenull et al.,33937102
Jenull_470154_R2_coverage,Jenull et al  (strain 470154; biol rep 2) coverage,"Read coverage, 470154",,Gene Expression,RNA-Seq,Coverage plot,C. auris,B8441,Jenull et al.,33937102
Jenull_470154_R2_density,Jenull et al  (strain 470154; biol rep 2) density,"Read density, 470154",,Gene Expression,RNA-Seq,Density plot,C. auris,B8441,Jenull et al.,33937102
Jenull_470154_R3_alignments,Jenull et al  (strain 470154; biol rep 3) alignments,"Aligned single-end reads, 470154",,Gene Expression,RNA-Seq,Aligned reads,C. auris,B8441,Jenull et al.,33937102
Jenull_470154_R3_coverage,Jenull et al  (strain 470154; biol rep 3) coverage,"Read coverage, 470154",,Gene Expression,RNA-Seq,Coverage plot,C. auris,B8441,Jenull et al.,33937102
Jenull_470154_R3_density,Jenull et al  (strain 470154; biol rep 3) density,"Read density, 470154",,Gene Expression,RNA-Seq,Density plot,C. auris,B8441,Jenull et al.,33937102
Chow_CBS10913_mub1_R3_alignments,Chow et al (strain CBS10913_mub1; biol rep 3) alignments,"Aligned paired-end reads, CBS10913_mub1",,Gene Expression,RNA-Seq,Aligned reads,C. auris,B8441,Chow et al.,38014938
Chow_CBS10913_mub1_R3_coverage,Chow et al (strain CBS10913_mub1; biol rep 3) coverage,"Read coverage, CBS10913_mub1",,Gene Expression,RNA-Seq,Coverage plot,C. auris,B8441,Chow et al.,38014938
Chow_CBS10913_mub1_R3_density,Chow et al (strain CBS10913_mub1; biol rep 3) density,"Read density, CBS10913_mub1",,Gene Expression,RNA-Seq,Density plot,C. auris,B8441,Chow et al.,38014938
Chow_CBS10913_mub1_R2_alignments,Chow et al (strain CBS10913_mub1; biol rep 2) alignments,"Aligned paired-end reads, CBS10913_mub1",,Gene Expression,RNA-Seq,Aligned reads,C. auris,B8441,Chow et al.,38014938
Chow_CBS10913_mub1_R2_coverage,Chow et al (strain CBS10913_mub1; biol rep 2) coverage,"Read coverage, CBS10913_mub1",,Gene Expression,RNA-Seq,Coverage plot,C. auris,B8441,Chow et al.,38014938
Chow_CBS10913_mub1_R2_density,Chow et al (strain CBS10913_mub1; biol rep 2) density,"Read density, CBS10913_mub1",,Gene Expression,RNA-Seq,Density plot,C. auris,B8441,Chow et al.,38014938
Chow_CBS10913_mub1_R1_alignments,Chow et al (strain CBS10913_mub1; biol rep 1) alignments,"Aligned paired-end reads, CBS10913_mub1",,Gene Expression,RNA-Seq,Aligned reads,C. auris,B8441,Chow et al.,38014938
Chow_CBS10913_mub1_R1_coverage,Chow et al (strain CBS10913_mub1; biol rep 1) coverage,"Read coverage, CBS10913_mub1",,Gene Expression,RNA-Seq,Coverage plot,C. auris,B8441,Chow et al.,38014938
Chow_CBS10913_mub1_R1_density,Chow et al (strain CBS10913_mub1; biol rep 1) density,"Read density, CBS10913_mub1",,Gene Expression,RNA-Seq,Density plot,C. auris,B8441,Chow et al.,38014938
Chow_CBS10913_ubr2_R3_alignments,Chow et al (strain CBS10913_ubr2; biol rep 3) alignments,"Aligned paired-end reads, CBS10913_ubr2",,Gene Expression,RNA-Seq,Aligned reads,C. auris,B8441,Chow et al.,38014938
Chow_CBS10913_ubr2_R3_coverage,Chow et al (strain CBS10913_ubr2; biol rep 3) coverage,"Read coverage, CBS10913_ubr2",,Gene Expression,RNA-Seq,Coverage plot,C. auris,B8441,Chow et al.,38014938
Chow_CBS10913_ubr2_R3_density,Chow et al (strain CBS10913_ubr2; biol rep 3) density,"Read density, CBS10913_ubr2",,Gene Expression,RNA-Seq,Density plot,C. auris,B8441,Chow et al.,38014938
Chow_CBS10913_ubr2_R2_alignments,Chow et al (strain CBS10913_ubr2; biol rep 2) alignments,"Aligned paired-end reads, CBS10913_ubr2",,Gene Expression,RNA-Seq,Aligned reads,C. auris,B8441,Chow et al.,38014938
Chow_CBS10913_ubr2_R2_coverage,Chow et al (strain CBS10913_ubr2; biol rep 2) coverage,"Read coverage, CBS10913_ubr2",,Gene Expression,RNA-Seq,Coverage plot,C. auris,B8441,Chow et al.,38014938
Chow_CBS10913_ubr2_R2_density,Chow et al (strain CBS10913_ubr2; biol rep 2) density,"Read density, CBS10913_ubr2",,Gene Expression,RNA-Seq,Density plot,C. auris,B8441,Chow et al.,38014938
Chow_CBS10913_ubr2_R1_alignments,Chow et al (strain CBS10913_ubr2; biol rep 1) alignments,"Aligned paired-end reads, CBS10913_ubr2",,Gene Expression,RNA-Seq,Aligned reads,C. auris,B8441,Chow et al.,38014938
Chow_CBS10913_ubr2_R1_coverage,Chow et al (strain CBS10913_ubr2; biol rep 1) coverage,"Read coverage, CBS10913_ubr2",,Gene Expression,RNA-Seq,Coverage plot,C. auris,B8441,Chow et al.,38014938
Chow_CBS10913_ubr2_R1_density,Chow et al (strain CBS10913_ubr2; biol rep 1) density,"Read density, CBS10913_ubr2",,Gene Expression,RNA-Seq,Density plot,C. auris,B8441,Chow et al.,38014938
Chow_CBS10913_R3_alignments,Chow et al (strain CBS10913; biol rep 3) alignments,"Aligned paired-end reads, CBS10913_wt",,Gene Expression,RNA-Seq,Aligned reads,C. auris,B8441,Chow et al.,38014938
Chow_CBS10913_R3_coverage,Chow et al (strain CBS10913; biol rep 3) coverage,"Read coverage, CBS10913_wt",,Gene Expression,RNA-Seq,Coverage plot,C. auris,B8441,Chow et al.,38014938
Chow_CBS10913_R3_density,Chow et al (strain CBS10913; biol rep 3) density,"Read density, CBS10913_wt",,Gene Expression,RNA-Seq,Density plot,C. auris,B8441,Chow et al.,38014938
Chow_CBS10913_R2_alignments,Chow et al (strain CBS10913; biol rep 2) alignments,"Aligned paired-end reads, CBS10913_wt",,Gene Expression,RNA-Seq,Aligned reads,C. auris,B8441,Chow et al.,38014938
Chow_CBS10913_R2_coverage,Chow et al (strain CBS10913; biol rep 2) coverage,"Read coverage, CBS10913_wt",,Gene Expression,RNA-Seq,Coverage plot,C. auris,B8441,Chow et al.,38014938
Chow_CBS10913_R2_density,Chow et al (strain CBS10913; biol rep 2) density,"Read density, CBS10913_wt",,Gene Expression,RNA-Seq,Density plot,C. auris,B8441,Chow et al.,38014938
Chow_CBS10913_R1_alignments,Chow et al (strain CBS10913; biol rep 1) alignments,"Aligned paired-end reads, CBS10913_wt",,Gene Expression,RNA-Seq,Aligned reads,C. auris,B8441,Chow et al.,38014938
Chow_CBS10913_R1_coverage,Chow et al (strain CBS10913; biol rep 1) coverage,"Read coverage, CBS10913_wt",,Gene Expression,RNA-Seq,Coverage plot,C. auris,B8441,Chow et al.,38014938
Chow_CBS10913_R1_density,Chow et al (strain CBS10913; biol rep 1) density,"Read density, CBS10913_wt",,Gene Expression,RNA-Seq,Density plot,C. auris,B8441,Chow et al.,38014938
Shivarathri_BR1_rep1_alignments,"Shivarathri et al (resistant isolate 1, rep 1) alignments","Aligned non-strand-specific paired-end reads, resistant isolate",resistant isolate,Gene Expression,RNA-Seq,Aligned reads,C. auris,B8441,Shivarathri et al.,35652307
Shivarathri_BR1_rep1_coverage,"Shivarathri et al (resistant isolate 1, rep 1) coverage","Read coverage, resistant isolate",resistant isolate,Gene Expression,RNA-Seq,Coverage plot,C. auris,B8441,Shivarathri et al.,35652307
Shivarathri_BR1_rep1_density,"Shivarathri et al (resistant isolate 1, rep 1) density","Read density, resistant isolate",resistant isolate,Gene Expression,RNA-Seq,Density plot,C. auris,B8441,Shivarathri et al.,35652307
Shivarathri_BR1_rep2_alignments,"Shivarathri et al (resistant isolate 1, rep 2) alignments","Aligned non-strand-specific paired-end reads, resistant isolate",resistant isolate,Gene Expression,RNA-Seq,Aligned reads,C. auris,B8441,Shivarathri et al.,35652307
Shivarathri_BR1_rep2_coverage,"Shivarathri et al (resistant isolate 1, rep 2) coverage","Read coverage, resistant isolate",resistant isolate,Gene Expression,RNA-Seq,Coverage plot,C. auris,B8441,Shivarathri et al.,35652307
Shivarathri_BR1_rep2_density,"Shivarathri et al (resistant isolate 1, rep 2) density","Read density, resistant isolate",resistant isolate,Gene Expression,RNA-Seq,Density plot,C. auris,B8441,Shivarathri et al.,35652307
Shivarathri_BR1_rep3_alignments,"Shivarathri et al (resistant isolate 1, rep 3) alignments","Aligned non-strand-specific paired-end reads, resistant isolate",resistant isolate,Gene Expression,RNA-Seq,Aligned reads,C. auris,B8441,Shivarathri et al.,35652307
Shivarathri_BR1_rep3_coverage,"Shivarathri et al (resistant isolate 1, rep 3) coverage","Read coverage, resistant isolate",resistant isolate,Gene Expression,RNA-Seq,Coverage plot,C. auris,B8441,Shivarathri et al.,35652307
Shivarathri_BR1_rep3_density,"Shivarathri et al (resistant isolate 1, rep 3) density","Read density, resistant isolate",resistant isolate,Gene Expression,RNA-Seq,Density plot,C. auris,B8441,Shivarathri et al.,35652307
Shivarathri_BR2_rep1_alignments,"Shivarathri et al (resistant isolate 2, rep 1) alignments","Aligned non-strand-specific paired-end reads, resistant isolate",resistant isolate,Gene Expression,RNA-Seq,Aligned reads,C. auris,B8441,Shivarathri et al.,35652307
Shivarathri_BR2_rep1_coverage,"Shivarathri et al (resistant isolate 2, rep 1) coverage","Read coverage, resistant isolate",resistant isolate,Gene Expression,RNA-Seq,Coverage plot,C. auris,B8441,Shivarathri et al.,35652307
Shivarathri_BR2_rep1_density,"Shivarathri et al (resistant isolate 2, rep 1) density","Read density, resistant isolate",resistant isolate,Gene Expression,RNA-Seq,Density plot,C. auris,B8441,Shivarathri et al.,35652307
Shivarathri_BR2_rep2_alignments,"Shivarathri et al (resistant isolate 2, rep 2) alignments","Aligned non-strand-specific paired-end reads, resistant isolate",resistant isolate,Gene Expression,RNA-Seq,Aligned reads,C. auris,B8441,Shivarathri et al.,35652307
Shivarathri_BR2_rep2_coverage,"Shivarathri et al (resistant isolate 2, rep 2) coverage","Read coverage, resistant isolate",resistant isolate,Gene Expression,RNA-Seq,Coverage plot,C. auris,B8441,Shivarathri et al.,35652307
Shivarathri_BR2_rep2_density,"Shivarathri et al (resistant isolate 2, rep 2) density","Read density, resistant isolate",resistant isolate,Gene Expression,RNA-Seq,Density plot,C. auris,B8441,Shivarathri et al.,35652307
Shivarathri_BR2_rep3_alignments,"Shivarathri et al (resistant isolate 2, rep 3) alignments","Aligned non-strand-specific paired-end reads, resistant isolate",resistant isolate,Gene Expression,RNA-Seq,Aligned reads,C. auris,B8441,Shivarathri et al.,35652307
Shivarathri_BR2_rep3_coverage,"Shivarathri et al (resistant isolate 2, rep 3) coverage","Read coverage, resistant isolate",resistant isolate,Gene Expression,RNA-Seq,Coverage plot,C. auris,B8441,Shivarathri et al.,35652307
Shivarathri_BR2_rep3_density,"Shivarathri et al (resistant isolate 2, rep 3) density","Read density, resistant isolate",resistant isolate,Gene Expression,RNA-Seq,Density plot,C. auris,B8441,Shivarathri et al.,35652307
Shivarathri_BR3_rep1_alignments,"Shivarathri et al (resistant isolate 3, rep 1) alignments","Aligned non-strand-specific paired-end reads, resistant isolate",resistant isolate,Gene Expression,RNA-Seq,Aligned reads,C. auris,B8441,Shivarathri et al.,35652307
Shivarathri_BR3_rep1_coverage,"Shivarathri et al (resistant isolate 3, rep 1) coverage","Read coverage, resistant isolate",resistant isolate,Gene Expression,RNA-Seq,Coverage plot,C. auris,B8441,Shivarathri et al.,35652307
Shivarathri_BR3_rep1_density,"Shivarathri et al (resistant isolate 3, rep 1) density","Read density, resistant isolate",resistant isolate,Gene Expression,RNA-Seq,Density plot,C. auris,B8441,Shivarathri et al.,35652307
Shivarathri_BR3_rep2_alignments,"Shivarathri et al (resistant isolate 3, rep 2) alignments","Aligned non-strand-specific paired-end reads, resistant isolate",resistant isolate,Gene Expression,RNA-Seq,Aligned reads,C. auris,B8441,Shivarathri et al.,35652307
Shivarathri_BR3_rep2_coverage,"Shivarathri et al (resistant isolate 3, rep 2) coverage","Read coverage, resistant isolate",resistant isolate,Gene Expression,RNA-Seq,Coverage plot,C. auris,B8441,Shivarathri et al.,35652307
Shivarathri_BR3_rep2_density,"Shivarathri et al (resistant isolate 3, rep 2) density","Read density, resistant isolate",resistant isolate,Gene Expression,RNA-Seq,Density plot,C. auris,B8441,Shivarathri et al.,35652307
Shivarathri_BR3_rep3_alignments,"Shivarathri et al (resistant isolate 3, rep 3) alignments","Aligned non-strand-specific paired-end reads, resistant isolate",resistant isolate,Gene Expression,RNA-Seq,Aligned reads,C. auris,B8441,Shivarathri et al.,35652307
Shivarathri_BR3_rep3_coverage,"Shivarathri et al (resistant isolate 3, rep 3) coverage","Read coverage, resistant isolate",resistant isolate,Gene Expression,RNA-Seq,Coverage plot,C. auris,B8441,Shivarathri et al.,35652307
Shivarathri_BR3_rep3_density,"Shivarathri et al (resistant isolate 3, rep 3) density","Read density, resistant isolate",resistant isolate,Gene Expression,RNA-Seq,Density plot,C. auris,B8441,Shivarathri et al.,35652307
Shivarathri_BS_rep1_alignments,"Shivarathri et al (susceptible isolate, rep 1) alignments","Aligned non-strand-specific paired-end reads, susceptible isolate",susceptible isolate,Gene Expression,RNA-Seq,Aligned reads,C. auris,B8441,Shivarathri et al.,35652307
Shivarathri_BS_rep1_coverage,"Shivarathri et al (susceptible isolate, rep 1) coverage","Read coverage, susceptible isolate",susceptible isolate,Gene Expression,RNA-Seq,Coverage plot,C. auris,B8441,Shivarathri et al.,35652307
Shivarathri_BS_rep1_density,"Shivarathri et al (susceptible isolate, rep 1) density","Read density, susceptible isolate",susceptible isolate,Gene Expression,RNA-Seq,Density plot,C. auris,B8441,Shivarathri et al.,35652307
Shivarathri_BS_rep2_alignments,"Shivarathri et al (susceptible isolate, rep 2) alignments","Aligned non-strand-specific paired-end reads, susceptible isolate",susceptible isolate,Gene Expression,RNA-Seq,Aligned reads,C. auris,B8441,Shivarathri et al.,35652307
Shivarathri_BS_rep2_coverage,"Shivarathri et al (susceptible isolate, rep 2) coverage","Read coverage, susceptible isolate",susceptible isolate,Gene Expression,RNA-Seq,Coverage plot,C. auris,B8441,Shivarathri et al.,35652307
Shivarathri_BS_rep2_density,"Shivarathri et al (susceptible isolate, rep 2) density","Read density, susceptible isolate",susceptible isolate,Gene Expression,RNA-Seq,Density plot,C. auris,B8441,Shivarathri et al.,35652307
Shivarathri_BS_rep3_alignments,"Shivarathri et al (susceptible isolate, rep 3) alignments","Aligned non-strand-specific paired-end reads, susceptible isolate",susceptible isolate,Gene Expression,RNA-Seq,Aligned reads,C. auris,B8441,Shivarathri et al.,35652307
Shivarathri_BS_rep3_coverage,"Shivarathri et al (susceptible isolate, rep 3) coverage","Read coverage, susceptible isolate",susceptible isolate,Gene Expression,RNA-Seq,Coverage plot,C. auris,B8441,Shivarathri et al.,35652307
Shivarathri_BS_rep3_density,"Shivarathri et al (susceptible isolate, rep 3) density","Read density, susceptible isolate",susceptible isolate,Gene Expression,RNA-Seq,Density plot,C. auris,B8441,Shivarathri et al.,35652307
Pelletier_UACa11_control_rep3_1_alignments,Pelletier et al (UACa11; control; biol rep 3; tech rep 1) alignments,"Aligned strand-specific single-end reads, UACa11 control ",RPMI-1640,Gene Expression,RNA-Seq,Aligned reads,C. auris,UACa11,Pelletier,38466738
Pelletier_UACa11_control_rep3_1_coverage,Pelletier et al (UACa11; control; biol rep 3; tech rep 1) coverage,"Read coverage, UACa11 control ",RPMI-1640,Gene Expression,RNA-Seq,Coverage plot,C. auris,UACa11,Pelletier,38466738
Pelletier_UACa11_control_rep3_1_density,Pelletier et al (UACa11; control; biol rep 3; tech rep 1) density,"Read density, UACa11 control ",RPMI-1640,Gene Expression,RNA-Seq,Density plot,C. auris,UACa11,Pelletier,38466738
Pelletier_UACa11_control_rep3_2_alignments,Pelletier et al (UACa11; control; biol rep 3; tech rep 2) alignments,"Aligned strand-specific single-end reads, UACa11 control ",RPMI-1640,Gene Expression,RNA-Seq,Aligned reads,C. auris,UACa11,Pelletier,38466738
Pelletier_UACa11_control_rep3_2_coverage,Pelletier et al (UACa11; control; biol rep 3; tech rep 2) coverage,"Read coverage, UACa11 control ",RPMI-1640,Gene Expression,RNA-Seq,Coverage plot,C. auris,UACa11,Pelletier,38466738
Pelletier_UACa11_control_rep3_2_density,Pelletier et al (UACa11; control; biol rep 3; tech rep 2) density,"Read density, UACa11 control ",RPMI-1640,Gene Expression,RNA-Seq,Density plot,C. auris,UACa11,Pelletier,38466738
Pelletier_UACa11_control_rep3_3_alignments,Pelletier et al (UACa11; control; biol rep 3; tech rep 3) alignments,"Aligned strand-specific single-end reads, UACa11 control ",RPMI-1640,Gene Expression,RNA-Seq,Aligned reads,C. auris,UACa11,Pelletier,38466738
Pelletier_UACa11_control_rep3_3_coverage,Pelletier et al (UACa11; control; biol rep 3; tech rep 3) coverage,"Read coverage, UACa11 control ",RPMI-1640,Gene Expression,RNA-Seq,Coverage plot,C. auris,UACa11,Pelletier,38466738
Pelletier_UACa11_control_rep3_3_density,Pelletier et al (UACa11; control; biol rep 3; tech rep 3) density,"Read density, UACa11 control ",RPMI-1640,Gene Expression,RNA-Seq,Density plot,C. auris,UACa11,Pelletier,38466738
Pelletier_UACa11_control_rep3_4_alignments,Pelletier et al (UACa11; control; biol rep 3; tech rep 4) alignments,"Aligned strand-specific single-end reads, UACa11 control ",RPMI-1640,Gene Expression,RNA-Seq,Aligned reads,C. auris,UACa11,Pelletier,38466738
Pelletier_UACa11_control_rep3_4_coverage,Pelletier et al (UACa11; control; biol rep 3; tech rep 4) coverage,"Read coverage, UACa11 control ",RPMI-1640,Gene Expression,RNA-Seq,Coverage plot,C. auris,UACa11,Pelletier,38466738
Pelletier_UACa11_control_rep3_4_density,Pelletier et al (UACa11; control; biol rep 3; tech rep 4) density,"Read density, UACa11 control ",RPMI-1640,Gene Expression,RNA-Seq,Density plot,C. auris,UACa11,Pelletier,38466738
Pelletier_UACa11_control_rep2_1_alignments,Pelletier et al (UACa11; control; biol rep 2; tech rep 1) alignments,"Aligned strand-specific single-end reads, UACa11 control ",RPMI-1640,Gene Expression,RNA-Seq,Aligned reads,C. auris,UACa11,Pelletier,38466738
Pelletier_UACa11_control_rep2_1_coverage,Pelletier et al (UACa11; control; biol rep 2; tech rep 1) coverage,"Read coverage, UACa11 control ",RPMI-1640,Gene Expression,RNA-Seq,Coverage plot,C. auris,UACa11,Pelletier,38466738
Pelletier_UACa11_control_rep2_1_density,Pelletier et al (UACa11; control; biol rep 2; tech rep 1) density,"Read density, UACa11 control ",RPMI-1640,Gene Expression,RNA-Seq,Density plot,C. auris,UACa11,Pelletier,38466738
Pelletier_UACa11_control_rep2_2_alignments,Pelletier et al (UACa11; control; biol rep 2; tech rep 2) alignments,"Aligned strand-specific single-end reads, UACa11 control ",RPMI-1640,Gene Expression,RNA-Seq,Aligned reads,C. auris,UACa11,Pelletier,38466738
Pelletier_UACa11_control_rep2_2_coverage,Pelletier et al (UACa11; control; biol rep 2; tech rep 2) coverage,"Read coverage, UACa11 control ",RPMI-1640,Gene Expression,RNA-Seq,Coverage plot,C. auris,UACa11,Pelletier,38466738
Pelletier_UACa11_control_rep2_2_density,Pelletier et al (UACa11; control; biol rep 2; tech rep 2) density,"Read density, UACa11 control ",RPMI-1640,Gene Expression,RNA-Seq,Density plot,C. auris,UACa11,Pelletier,38466738
Pelletier_UACa11_control_rep2_3_alignments,Pelletier et al (UACa11; control; biol rep 2; tech rep 3) alignments,"Aligned strand-specific single-end reads, UACa11 control ",RPMI-1640,Gene Expression,RNA-Seq,Aligned reads,C. auris,UACa11,Pelletier,38466738
Pelletier_UACa11_control_rep2_3_coverage,Pelletier et al (UACa11; control; biol rep 2; tech rep 3) coverage,"Read coverage, UACa11 control ",RPMI-1640,Gene Expression,RNA-Seq,Coverage plot,C. auris,UACa11,Pelletier,38466738
Pelletier_UACa11_control_rep2_3_density,Pelletier et al (UACa11; control; biol rep 2; tech rep 3) density,"Read density, UACa11 control ",RPMI-1640,Gene Expression,RNA-Seq,Density plot,C. auris,UACa11,Pelletier,38466738
Pelletier_UACa11_control_rep2_4_alignments,Pelletier et al (UACa11; control; biol rep 2; tech rep 4) alignments,"Aligned strand-specific single-end reads, UACa11 control ",RPMI-1640,Gene Expression,RNA-Seq,Aligned reads,C. auris,UACa11,Pelletier,38466738
Pelletier_UACa11_control_rep2_4_coverage,Pelletier et al (UACa11; control; biol rep 2; tech rep 4) coverage,"Read coverage, UACa11 control ",RPMI-1640,Gene Expression,RNA-Seq,Coverage plot,C. auris,UACa11,Pelletier,38466738
Pelletier_UACa11_control_rep2_4_density,Pelletier et al (UACa11; control; biol rep 2; tech rep 4) density,"Read density, UACa11 control ",RPMI-1640,Gene Expression,RNA-Seq,Density plot,C. auris,UACa11,Pelletier,38466738
Pelletier_UACa11_control_rep1_1_alignments,Pelletier et al (UACa11; control; biol rep 1; tech rep 1) alignments,"Aligned strand-specific single-end reads, UACa11 control ",RPMI-1640,Gene Expression,RNA-Seq,Aligned reads,C. auris,UACa11,Pelletier,38466738
Pelletier_UACa11_control_rep1_1_coverage,Pelletier et al (UACa11; control; biol rep 1; tech rep 1) coverage,"Read coverage, UACa11 control ",RPMI-1640,Gene Expression,RNA-Seq,Coverage plot,C. auris,UACa11,Pelletier,38466738
Pelletier_UACa11_control_rep1_1_density,Pelletier et al (UACa11; control; biol rep 1; tech rep 1) density,"Read density, UACa11 control ",RPMI-1640,Gene Expression,RNA-Seq,Density plot,C. auris,UACa11,Pelletier,38466738
Pelletier_UACa11_control_rep1_2_alignments,Pelletier et al (UACa11; control; biol rep 1; tech rep 2) alignments,"Aligned strand-specific single-end reads, UACa11 control ",RPMI-1640,Gene Expression,RNA-Seq,Aligned reads,C. auris,UACa11,Pelletier,38466738
Pelletier_UACa11_control_rep1_2_coverage,Pelletier et al (UACa11; control; biol rep 1; tech rep 2) coverage,"Read coverage, UACa11 control ",RPMI-1640,Gene Expression,RNA-Seq,Coverage plot,C. auris,UACa11,Pelletier,38466738
Pelletier_UACa11_control_rep1_2_density,Pelletier et al (UACa11; control; biol rep 1; tech rep 2) density,"Read density, UACa11 control ",RPMI-1640,Gene Expression,RNA-Seq,Density plot,C. auris,UACa11,Pelletier,38466738
Pelletier_UACa11_control_rep1_3_alignments,Pelletier et al (UACa11; control; biol rep 1; tech rep 3) alignments,"Aligned strand-specific single-end reads, UACa11 control ",RPMI-1640,Gene Expression,RNA-Seq,Aligned reads,C. auris,UACa11,Pelletier,38466738
Pelletier_UACa11_control_rep1_3_coverage,Pelletier et al (UACa11; control; biol rep 1; tech rep 3) coverage,"Read coverage, UACa11 control ",RPMI-1640,Gene Expression,RNA-Seq,Coverage plot,C. auris,UACa11,Pelletier,38466738
Pelletier_UACa11_control_rep1_3_density,Pelletier et al (UACa11; control; biol rep 1; tech rep 3) density,"Read density, UACa11 control ",RPMI-1640,Gene Expression,RNA-Seq,Density plot,C. auris,UACa11,Pelletier,38466738
Pelletier_UACa11_control_rep1_4_alignments,Pelletier et al (UACa11; control; biol rep 1; tech rep 4) alignments,"Aligned strand-specific single-end reads, UACa11 control ",RPMI-1640,Gene Expression,RNA-Seq,Aligned reads,C. auris,UACa11,Pelletier,38466738
Pelletier_UACa11_control_rep1_4_coverage,Pelletier et al (UACa11; control; biol rep 1; tech rep 4) coverage,"Read coverage, UACa11 control ",RPMI-1640,Gene Expression,RNA-Seq,Coverage plot,C. auris,UACa11,Pelletier,38466738
Pelletier_UACa11_control_rep1_4_density,Pelletier et al (UACa11; control; biol rep 1; tech rep 4) density,"Read density, UACa11 control ",RPMI-1640,Gene Expression,RNA-Seq,Density plot,C. auris,UACa11,Pelletier,38466738
Pelletier_UACa11_Sabouraud's_dextrose_rep3_1_alignments,Pelletier et al (UACa11; Sabouraud's dextrose; biol rep 3; tech rep 1) alignments,"Aligned strand-specific single-end reads, UACa11 Sabouraud's dextrose",Sabouraud's Dextrose,Gene Expression,RNA-Seq,Aligned reads,C. auris,UACa11,Pelletier,38466738
Pelletier_UACa11_Sabouraud's_dextrose_rep3_1_coverage,Pelletier et al (UACa11; Sabouraud's dextrose; biol rep 3; tech rep 1) coverage,"Read coverage, UACa11 Sabouraud's dextrose",Sabouraud's Dextrose,Gene Expression,RNA-Seq,Coverage plot,C. auris,UACa11,Pelletier,38466738
Pelletier_UACa11_Sabouraud's_dextrose_rep3_1_density,Pelletier et al (UACa11; Sabouraud's dextrose; biol rep 3; tech rep 1) density,"Read density, UACa11 Sabouraud's dextrose",Sabouraud's Dextrose,Gene Expression,RNA-Seq,Density plot,C. auris,UACa11,Pelletier,38466738
Pelletier_UACa11_Sabouraud's_dextrose_rep3_2_alignments,Pelletier et al (UACa11; Sabouraud's dextrose; biol rep 3; tech rep 2) alignments,"Aligned strand-specific single-end reads, UACa11 Sabouraud's dextrose",Sabouraud's Dextrose,Gene Expression,RNA-Seq,Aligned reads,C. auris,UACa11,Pelletier,38466738
Pelletier_UACa11_Sabouraud's_dextrose_rep3_2_coverage,Pelletier et al (UACa11; Sabouraud's dextrose; biol rep 3; tech rep 2) coverage,"Read coverage, UACa11 Sabouraud's dextrose",Sabouraud's Dextrose,Gene Expression,RNA-Seq,Coverage plot,C. auris,UACa11,Pelletier,38466738
Pelletier_UACa11_Sabouraud's_dextrose_rep3_2_density,Pelletier et al (UACa11; Sabouraud's dextrose; biol rep 3; tech rep 2) density,"Read density, UACa11 Sabouraud's dextrose",Sabouraud's Dextrose,Gene Expression,RNA-Seq,Density plot,C. auris,UACa11,Pelletier,38466738
Pelletier_UACa11_Sabouraud's_dextrose_rep3_3_alignments,Pelletier et al (UACa11; Sabouraud's dextrose; biol rep 3; tech rep 3) alignments,"Aligned strand-specific single-end reads, UACa11 Sabouraud's dextrose",Sabouraud's Dextrose,Gene Expression,RNA-Seq,Aligned reads,C. auris,UACa11,Pelletier,38466738
Pelletier_UACa11_Sabouraud's_dextrose_rep3_3_coverage,Pelletier et al (UACa11; Sabouraud's dextrose; biol rep 3; tech rep 3) coverage,"Read coverage, UACa11 Sabouraud's dextrose",Sabouraud's Dextrose,Gene Expression,RNA-Seq,Coverage plot,C. auris,UACa11,Pelletier,38466738
Pelletier_UACa11_Sabouraud's_dextrose_rep3_3_density,Pelletier et al (UACa11; Sabouraud's dextrose; biol rep 3; tech rep 3) density,"Read density, UACa11 Sabouraud's dextrose",Sabouraud's Dextrose,Gene Expression,RNA-Seq,Density plot,C. auris,UACa11,Pelletier,38466738
Pelletier_UACa11_Sabouraud's_dextrose_rep3_4_alignments,Pelletier et al (UACa11; Sabouraud's dextrose; biol rep 3; tech rep 4) alignments,"Aligned strand-specific single-end reads, UACa11 Sabouraud's dextrose",Sabouraud's Dextrose,Gene Expression,RNA-Seq,Aligned reads,C. auris,UACa11,Pelletier,38466738
Pelletier_UACa11_Sabouraud's_dextrose_rep3_4_coverage,Pelletier et al (UACa11; Sabouraud's dextrose; biol rep 3; tech rep 4) coverage,"Read coverage, UACa11 Sabouraud's dextrose",Sabouraud's Dextrose,Gene Expression,RNA-Seq,Coverage plot,C. auris,UACa11,Pelletier,38466738
Pelletier_UACa11_Sabouraud's_dextrose_rep3_4_density,Pelletier et al (UACa11; Sabouraud's dextrose; biol rep 3; tech rep 4) density,"Read density, UACa11 Sabouraud's dextrose",Sabouraud's Dextrose,Gene Expression,RNA-Seq,Density plot,C. auris,UACa11,Pelletier,38466738
Pelletier_UACa11_Sabouraud's_dextrose_rep2_1_alignments,Pelletier et al (UACa11; Sabouraud's dextrose; biol rep 2; tech rep 1) alignments,"Aligned strand-specific single-end reads, UACa11 Sabouraud's dextrose",Sabouraud's Dextrose,Gene Expression,RNA-Seq,Aligned reads,C. auris,UACa11,Pelletier,38466738
Pelletier_UACa11_Sabouraud's_dextrose_rep2_1_coverage,Pelletier et al (UACa11; Sabouraud's dextrose; biol rep 2; tech rep 1) coverage,"Read coverage, UACa11 Sabouraud's dextrose",Sabouraud's Dextrose,Gene Expression,RNA-Seq,Coverage plot,C. auris,UACa11,Pelletier,38466738
Pelletier_UACa11_Sabouraud's_dextrose_rep2_1_density,Pelletier et al (UACa11; Sabouraud's dextrose; biol rep 2; tech rep 1) density,"Read density, UACa11 Sabouraud's dextrose",Sabouraud's Dextrose,Gene Expression,RNA-Seq,Density plot,C. auris,UACa11,Pelletier,38466738
Pelletier_UACa11_Sabouraud's_dextrose_rep2_2_alignments,Pelletier et al (UACa11; Sabouraud's dextrose; biol rep 2; tech rep 2) alignments,"Aligned strand-specific single-end reads, UACa11 Sabouraud's dextrose",Sabouraud's Dextrose,Gene Expression,RNA-Seq,Aligned reads,C. auris,UACa11,Pelletier,38466738
Pelletier_UACa11_Sabouraud's_dextrose_rep2_2_coverage,Pelletier et al (UACa11; Sabouraud's dextrose; biol rep 2; tech rep 2) coverage,"Read coverage, UACa11 Sabouraud's dextrose",Sabouraud's Dextrose,Gene Expression,RNA-Seq,Coverage plot,C. auris,UACa11,Pelletier,38466738
Pelletier_UACa11_Sabouraud's_dextrose_rep2_2_density,Pelletier et al (UACa11; Sabouraud's dextrose; biol rep 2; tech rep 2) density,"Read density, UACa11 Sabouraud's dextrose",Sabouraud's Dextrose,Gene Expression,RNA-Seq,Density plot,C. auris,UACa11,Pelletier,38466738
Pelletier_UACa11_Sabouraud's_dextrose_rep2_3_alignments,Pelletier et al (UACa11; Sabouraud's dextrose; biol rep 2; tech rep 3) alignments,"Aligned strand-specific single-end reads, UACa11 Sabouraud's dextrose",Sabouraud's Dextrose,Gene Expression,RNA-Seq,Aligned reads,C. auris,UACa11,Pelletier,38466738
Pelletier_UACa11_Sabouraud's_dextrose_rep2_3_coverage,Pelletier et al (UACa11; Sabouraud's dextrose; biol rep 2; tech rep 3) coverage,"Read coverage, UACa11 Sabouraud's dextrose",Sabouraud's Dextrose,Gene Expression,RNA-Seq,Coverage plot,C. auris,UACa11,Pelletier,38466738
Pelletier_UACa11_Sabouraud's_dextrose_rep2_3_density,Pelletier et al (UACa11; Sabouraud's dextrose; biol rep 2; tech rep 3) density,"Read density, UACa11 Sabouraud's dextrose",Sabouraud's Dextrose,Gene Expression,RNA-Seq,Density plot,C. auris,UACa11,Pelletier,38466738
Pelletier_UACa11_Sabouraud's_dextrose_rep2_4_alignments,Pelletier et al (UACa11; Sabouraud's dextrose; biol rep 2; tech rep 4) alignments,"Aligned strand-specific single-end reads, UACa11 Sabouraud's dextrose",Sabouraud's Dextrose,Gene Expression,RNA-Seq,Aligned reads,C. auris,UACa11,Pelletier,38466738
Pelletier_UACa11_Sabouraud's_dextrose_rep2_4_coverage,Pelletier et al (UACa11; Sabouraud's dextrose; biol rep 2; tech rep 4) coverage,"Read coverage, UACa11 Sabouraud's dextrose",Sabouraud's Dextrose,Gene Expression,RNA-Seq,Coverage plot,C. auris,UACa11,Pelletier,38466738
Pelletier_UACa11_Sabouraud's_dextrose_rep2_4_density,Pelletier et al (UACa11; Sabouraud's dextrose; biol rep 2; tech rep 4) density,"Read density, UACa11 Sabouraud's dextrose",Sabouraud's Dextrose,Gene Expression,RNA-Seq,Density plot,C. auris,UACa11,Pelletier,38466738
Pelletier_UACa11_Sabouraud's_dextrose_rep1_1_alignments,Pelletier et al (UACa11; Sabouraud's dextrose; biol rep 1; tech rep 1) alignments,"Aligned strand-specific single-end reads, UACa11 Sabouraud's dextrose",Sabouraud's Dextrose,Gene Expression,RNA-Seq,Aligned reads,C. auris,UACa11,Pelletier,38466738
Pelletier_UACa11_Sabouraud's_dextrose_rep1_1_coverage,Pelletier et al (UACa11; Sabouraud's dextrose; biol rep 1; tech rep 1) coverage,"Read coverage, UACa11 Sabouraud's dextrose",Sabouraud's Dextrose,Gene Expression,RNA-Seq,Coverage plot,C. auris,UACa11,Pelletier,38466738
Pelletier_UACa11_Sabouraud's_dextrose_rep1_1_density,Pelletier et al (UACa11; Sabouraud's dextrose; biol rep 1; tech rep 1) density,"Read density, UACa11 Sabouraud's dextrose",Sabouraud's Dextrose,Gene Expression,RNA-Seq,Density plot,C. auris,UACa11,Pelletier,38466738
Pelletier_UACa11_Sabouraud's_dextrose_rep1_2_alignments,Pelletier et al (UACa11; Sabouraud's dextrose; biol rep 1; tech rep 2) alignments,"Aligned strand-specific single-end reads, UACa11 Sabouraud's dextrose",Sabouraud's Dextrose,Gene Expression,RNA-Seq,Aligned reads,C. auris,UACa11,Pelletier,38466738
Pelletier_UACa11_Sabouraud's_dextrose_rep1_2_coverage,Pelletier et al (UACa11; Sabouraud's dextrose; biol rep 1; tech rep 2) coverage,"Read coverage, UACa11 Sabouraud's dextrose",Sabouraud's Dextrose,Gene Expression,RNA-Seq,Coverage plot,C. auris,UACa11,Pelletier,38466738
Pelletier_UACa11_Sabouraud's_dextrose_rep1_2_density,Pelletier et al (UACa11; Sabouraud's dextrose; biol rep 1; tech rep 2) density,"Read density, UACa11 Sabouraud's dextrose",Sabouraud's Dextrose,Gene Expression,RNA-Seq,Density plot,C. auris,UACa11,Pelletier,38466738
Pelletier_UACa11_Sabouraud's_dextrose_rep1_3_alignments,Pelletier et al (UACa11; Sabouraud's dextrose; biol rep 1; tech rep 3) alignments,"Aligned strand-specific single-end reads, UACa11 Sabouraud's dextrose",Sabouraud's Dextrose,Gene Expression,RNA-Seq,Aligned reads,C. auris,UACa11,Pelletier,38466738
Pelletier_UACa11_Sabouraud's_dextrose_rep1_3_coverage,Pelletier et al (UACa11; Sabouraud's dextrose; biol rep 1; tech rep 3) coverage,"Read coverage, UACa11 Sabouraud's dextrose",Sabouraud's Dextrose,Gene Expression,RNA-Seq,Coverage plot,C. auris,UACa11,Pelletier,38466738
Pelletier_UACa11_Sabouraud's_dextrose_rep1_3_density,Pelletier et al (UACa11; Sabouraud's dextrose; biol rep 1; tech rep 3) density,"Read density, UACa11 Sabouraud's dextrose",Sabouraud's Dextrose,Gene Expression,RNA-Seq,Density plot,C. auris,UACa11,Pelletier,38466738
Pelletier_UACa11_Sabouraud's_dextrose_rep1_4_alignments,Pelletier et al (UACa11; Sabouraud's dextrose; biol rep 1; tech rep 4) alignments,"Aligned strand-specific single-end reads, UACa11 Sabouraud's dextrose",Sabouraud's Dextrose,Gene Expression,RNA-Seq,Aligned reads,C. auris,UACa11,Pelletier,38466738
Pelletier_UACa11_Sabouraud's_dextrose_rep1_4_coverage,Pelletier et al (UACa11; Sabouraud's dextrose; biol rep 1; tech rep 4) coverage,"Read coverage, UACa11 Sabouraud's dextrose",Sabouraud's Dextrose,Gene Expression,RNA-Seq,Coverage plot,C. auris,UACa11,Pelletier,38466738
Pelletier_UACa11_Sabouraud's_dextrose_rep1_4_density,Pelletier et al (UACa11; Sabouraud's dextrose; biol rep 1; tech rep 4) density,"Read density, UACa11 Sabouraud's dextrose",Sabouraud's Dextrose,Gene Expression,RNA-Seq,Density plot,C. auris,UACa11,Pelletier,38466738
Pelletier_UACa20_control_rep3_1_alignments,Pelletier et al (UACa20; control; biol rep 3; tech rep 1) alignments,"Aligned strand-specific single-end reads, UACa20 control ",RPMI-1640,Gene Expression,RNA-Seq,Aligned reads,C. auris,UACa20,Pelletier,38466738
Pelletier_UACa20_control_rep3_1_coverage,Pelletier et al (UACa20; control; biol rep 3; tech rep 1) coverage,"Read coverage, UACa20 control ",RPMI-1640,Gene Expression,RNA-Seq,Coverage plot,C. auris,UACa20,Pelletier,38466738
Pelletier_UACa20_control_rep3_1_density,Pelletier et al (UACa20; control; biol rep 3; tech rep 1) density,"Read density, UACa20 control ",RPMI-1640,Gene Expression,RNA-Seq,Density plot,C. auris,UACa20,Pelletier,38466738
Pelletier_UACa20_control_rep3_2_alignments,Pelletier et al (UACa20; control; biol rep 3; tech rep 2) alignments,"Aligned strand-specific single-end reads, UACa20 control ",RPMI-1640,Gene Expression,RNA-Seq,Aligned reads,C. auris,UACa20,Pelletier,38466738
Pelletier_UACa20_control_rep3_2_coverage,Pelletier et al (UACa20; control; biol rep 3; tech rep 2) coverage,"Read coverage, UACa20 control ",RPMI-1640,Gene Expression,RNA-Seq,Coverage plot,C. auris,UACa20,Pelletier,38466738
Pelletier_UACa20_control_rep3_2_density,Pelletier et al (UACa20; control; biol rep 3; tech rep 2) density,"Read density, UACa20 control ",RPMI-1640,Gene Expression,RNA-Seq,Density plot,C. auris,UACa20,Pelletier,38466738
Pelletier_UACa20_control_rep3_3_alignments,Pelletier et al (UACa20; control; biol rep 3; tech rep 3) alignments,"Aligned strand-specific single-end reads, UACa20 control ",RPMI-1640,Gene Expression,RNA-Seq,Aligned reads,C. auris,UACa20,Pelletier,38466738
Pelletier_UACa20_control_rep3_3_coverage,Pelletier et al (UACa20; control; biol rep 3; tech rep 3) coverage,"Read coverage, UACa20 control ",RPMI-1640,Gene Expression,RNA-Seq,Coverage plot,C. auris,UACa20,Pelletier,38466738
Pelletier_UACa20_control_rep3_3_density,Pelletier et al (UACa20; control; biol rep 3; tech rep 3) density,"Read density, UACa20 control ",RPMI-1640,Gene Expression,RNA-Seq,Density plot,C. auris,UACa20,Pelletier,38466738
Pelletier_UACa20_control_rep3_4_alignments,Pelletier et al (UACa20; control; biol rep 3; tech rep 4) alignments,"Aligned strand-specific single-end reads, UACa20 control ",RPMI-1640,Gene Expression,RNA-Seq,Aligned reads,C. auris,UACa20,Pelletier,38466738
Pelletier_UACa20_control_rep3_4_coverage,Pelletier et al (UACa20; control; biol rep 3; tech rep 4) coverage,"Read coverage, UACa20 control ",RPMI-1640,Gene Expression,RNA-Seq,Coverage plot,C. auris,UACa20,Pelletier,38466738
Pelletier_UACa20_control_rep3_4_density,Pelletier et al (UACa20; control; biol rep 3; tech rep 4) density,"Read density, UACa20 control ",RPMI-1640,Gene Expression,RNA-Seq,Density plot,C. auris,UACa20,Pelletier,38466738
Pelletier_UACa20_control_rep2_1_alignments,Pelletier et al (UACa20; control; biol rep 2; tech rep 1) alignments,"Aligned strand-specific single-end reads, UACa20 control ",RPMI-1640,Gene Expression,RNA-Seq,Aligned reads,C. auris,UACa20,Pelletier,38466738
Pelletier_UACa20_control_rep2_1_coverage,Pelletier et al (UACa20; control; biol rep 2; tech rep 1) coverage,"Read coverage, UACa20 control ",RPMI-1640,Gene Expression,RNA-Seq,Coverage plot,C. auris,UACa20,Pelletier,38466738
Pelletier_UACa20_control_rep2_1_density,Pelletier et al (UACa20; control; biol rep 2; tech rep 1) density,"Read density, UACa20 control ",RPMI-1640,Gene Expression,RNA-Seq,Density plot,C. auris,UACa20,Pelletier,38466738
Pelletier_UACa20_control_rep2_2_alignments,Pelletier et al (UACa20; control; biol rep 2; tech rep 2) alignments,"Aligned strand-specific single-end reads, UACa20 control ",RPMI-1640,Gene Expression,RNA-Seq,Aligned reads,C. auris,UACa20,Pelletier,38466738
Pelletier_UACa20_control_rep2_2_coverage,Pelletier et al (UACa20; control; biol rep 2; tech rep 2) coverage,"Read coverage, UACa20 control ",RPMI-1640,Gene Expression,RNA-Seq,Coverage plot,C. auris,UACa20,Pelletier,38466738
Pelletier_UACa20_control_rep2_2_density,Pelletier et al (UACa20; control; biol rep 2; tech rep 2) density,"Read density, UACa20 control ",RPMI-1640,Gene Expression,RNA-Seq,Density plot,C. auris,UACa20,Pelletier,38466738
Pelletier_UACa20_control_rep2_3_alignments,Pelletier et al (UACa20; control; biol rep 2; tech rep 3) alignments,"Aligned strand-specific single-end reads, UACa20 control ",RPMI-1640,Gene Expression,RNA-Seq,Aligned reads,C. auris,UACa20,Pelletier,38466738
Pelletier_UACa20_control_rep2_3_coverage,Pelletier et al (UACa20; control; biol rep 2; tech rep 3) coverage,"Read coverage, UACa20 control ",RPMI-1640,Gene Expression,RNA-Seq,Coverage plot,C. auris,UACa20,Pelletier,38466738
Pelletier_UACa20_control_rep2_3_density,Pelletier et al (UACa20; control; biol rep 2; tech rep 3) density,"Read density, UACa20 control ",RPMI-1640,Gene Expression,RNA-Seq,Density plot,C. auris,UACa20,Pelletier,38466738
Pelletier_UACa20_control_rep2_4_alignments,Pelletier et al (UACa20; control; biol rep 2; tech rep 4) alignments,"Aligned strand-specific single-end reads, UACa20 control ",RPMI-1640,Gene Expression,RNA-Seq,Aligned reads,C. auris,UACa20,Pelletier,38466738
Pelletier_UACa20_control_rep2_4_coverage,Pelletier et al (UACa20; control; biol rep 2; tech rep 4) coverage,"Read coverage, UACa20 control ",RPMI-1640,Gene Expression,RNA-Seq,Coverage plot,C. auris,UACa20,Pelletier,38466738
Pelletier_UACa20_control_rep2_4_density,Pelletier et al (UACa20; control; biol rep 2; tech rep 4) density,"Read density, UACa20 control ",RPMI-1640,Gene Expression,RNA-Seq,Density plot,C. auris,UACa20,Pelletier,38466738
Pelletier_UACa20_control_rep1_1_alignments,Pelletier et al (UACa20; control; biol rep 1; tech rep 1) alignments,"Aligned strand-specific single-end reads, UACa20 control ",RPMI-1640,Gene Expression,RNA-Seq,Aligned reads,C. auris,UACa20,Pelletier,38466738
Pelletier_UACa20_control_rep1_1_coverage,Pelletier et al (UACa20; control; biol rep 1; tech rep 1) coverage,"Read coverage, UACa20 control ",RPMI-1640,Gene Expression,RNA-Seq,Coverage plot,C. auris,UACa20,Pelletier,38466738
Pelletier_UACa20_control_rep1_1_density,Pelletier et al (UACa20; control; biol rep 1; tech rep 1) density,"Read density, UACa20 control ",RPMI-1640,Gene Expression,RNA-Seq,Density plot,C. auris,UACa20,Pelletier,38466738
Pelletier_UACa20_control_rep1_2_alignments,Pelletier et al (UACa20; control; biol rep 1; tech rep 2) alignments,"Aligned strand-specific single-end reads, UACa20 control ",RPMI-1640,Gene Expression,RNA-Seq,Aligned reads,C. auris,UACa20,Pelletier,38466738
Pelletier_UACa20_control_rep1_2_coverage,Pelletier et al (UACa20; control; biol rep 1; tech rep 2) coverage,"Read coverage, UACa20 control ",RPMI-1640,Gene Expression,RNA-Seq,Coverage plot,C. auris,UACa20,Pelletier,38466738
Pelletier_UACa20_control_rep1_2_density,Pelletier et al (UACa20; control; biol rep 1; tech rep 2) density,"Read density, UACa20 control ",RPMI-1640,Gene Expression,RNA-Seq,Density plot,C. auris,UACa20,Pelletier,38466738
Pelletier_UACa20_control_rep1_3_alignments,Pelletier et al (UACa20; control; biol rep 1; tech rep 3) alignments,"Aligned strand-specific single-end reads, UACa20 control ",RPMI-1640,Gene Expression,RNA-Seq,Aligned reads,C. auris,UACa20,Pelletier,38466738
Pelletier_UACa20_control_rep1_3_coverage,Pelletier et al (UACa20; control; biol rep 1; tech rep 3) coverage,"Read coverage, UACa20 control ",RPMI-1640,Gene Expression,RNA-Seq,Coverage plot,C. auris,UACa20,Pelletier,38466738
Pelletier_UACa20_control_rep1_3_density,Pelletier et al (UACa20; control; biol rep 1; tech rep 3) density,"Read density, UACa20 control ",RPMI-1640,Gene Expression,RNA-Seq,Density plot,C. auris,UACa20,Pelletier,38466738
Pelletier_UACa20_control_rep1_4_alignments,Pelletier et al (UACa20; control; biol rep 1; tech rep 4) alignments,"Aligned strand-specific single-end reads, UACa20 control ",RPMI-1640,Gene Expression,RNA-Seq,Aligned reads,C. auris,UACa20,Pelletier,38466738
Pelletier_UACa20_control_rep1_4_coverage,Pelletier et al (UACa20; control; biol rep 1; tech rep 4) coverage,"Read coverage, UACa20 control ",RPMI-1640,Gene Expression,RNA-Seq,Coverage plot,C. auris,UACa20,Pelletier,38466738
Pelletier_UACa20_control_rep1_4_density,Pelletier et al (UACa20; control; biol rep 1; tech rep 4) density,"Read density, UACa20 control ",RPMI-1640,Gene Expression,RNA-Seq,Density plot,C. auris,UACa20,Pelletier,38466738
Pelletier_UACa20_Sabouraud's_dextrose_rep3_1_alignments,Pelletier et al (UACa20; Sabouraud's dextrose; biol rep 3; tech rep 1) alignments,"Aligned strand-specific single-end reads, UACa20 Sabouraud's dextrose",Sabouraud's Dextrose,Gene Expression,RNA-Seq,Aligned reads,C. auris,UACa20,Pelletier,38466738
Pelletier_UACa20_Sabouraud's_dextrose_rep3_1_coverage,Pelletier et al (UACa20; Sabouraud's dextrose; biol rep 3; tech rep 1) coverage,"Read coverage, UACa20 Sabouraud's dextrose",Sabouraud's Dextrose,Gene Expression,RNA-Seq,Coverage plot,C. auris,UACa20,Pelletier,38466738
Pelletier_UACa20_Sabouraud's_dextrose_rep3_1_density,Pelletier et al (UACa20; Sabouraud's dextrose; biol rep 3; tech rep 1) density,"Read density, UACa20 Sabouraud's dextrose",Sabouraud's Dextrose,Gene Expression,RNA-Seq,Density plot,C. auris,UACa20,Pelletier,38466738
Pelletier_UACa20_Sabouraud's_dextrose_rep3_2_alignments,Pelletier et al (UACa20; Sabouraud's dextrose; biol rep 3; tech rep 2) alignments,"Aligned strand-specific single-end reads, UACa20 Sabouraud's dextrose",Sabouraud's Dextrose,Gene Expression,RNA-Seq,Aligned reads,C. auris,UACa20,Pelletier,38466738
Pelletier_UACa20_Sabouraud's_dextrose_rep3_2_coverage,Pelletier et al (UACa20; Sabouraud's dextrose; biol rep 3; tech rep 2) coverage,"Read coverage, UACa20 Sabouraud's dextrose",Sabouraud's Dextrose,Gene Expression,RNA-Seq,Coverage plot,C. auris,UACa20,Pelletier,38466738
Pelletier_UACa20_Sabouraud's_dextrose_rep3_2_density,Pelletier et al (UACa20; Sabouraud's dextrose; biol rep 3; tech rep 2) density,"Read density, UACa20 Sabouraud's dextrose",Sabouraud's Dextrose,Gene Expression,RNA-Seq,Density plot,C. auris,UACa20,Pelletier,38466738
Pelletier_UACa20_Sabouraud's_dextrose_rep3_3_alignments,Pelletier et al (UACa20; Sabouraud's dextrose; biol rep 3; tech rep 3) alignments,"Aligned strand-specific single-end reads, UACa20 Sabouraud's dextrose",Sabouraud's Dextrose,Gene Expression,RNA-Seq,Aligned reads,C. auris,UACa20,Pelletier,38466738
Pelletier_UACa20_Sabouraud's_dextrose_rep3_3_coverage,Pelletier et al (UACa20; Sabouraud's dextrose; biol rep 3; tech rep 3) coverage,"Read coverage, UACa20 Sabouraud's dextrose",Sabouraud's Dextrose,Gene Expression,RNA-Seq,Coverage plot,C. auris,UACa20,Pelletier,38466738
Pelletier_UACa20_Sabouraud's_dextrose_rep3_3_density,Pelletier et al (UACa20; Sabouraud's dextrose; biol rep 3; tech rep 3) density,"Read density, UACa20 Sabouraud's dextrose",Sabouraud's Dextrose,Gene Expression,RNA-Seq,Density plot,C. auris,UACa20,Pelletier,38466738
Pelletier_UACa20_Sabouraud's_dextrose_rep3_4_alignments,Pelletier et al (UACa20; Sabouraud's dextrose; biol rep 3; tech rep 4) alignments,"Aligned strand-specific single-end reads, UACa20 Sabouraud's dextrose",Sabouraud's Dextrose,Gene Expression,RNA-Seq,Aligned reads,C. auris,UACa20,Pelletier,38466738
Pelletier_UACa20_Sabouraud's_dextrose_rep3_4_coverage,Pelletier et al (UACa20; Sabouraud's dextrose; biol rep 3; tech rep 4) coverage,"Read coverage, UACa20 Sabouraud's dextrose",Sabouraud's Dextrose,Gene Expression,RNA-Seq,Coverage plot,C. auris,UACa20,Pelletier,38466738
Pelletier_UACa20_Sabouraud's_dextrose_rep3_4_density,Pelletier et al (UACa20; Sabouraud's dextrose; biol rep 3; tech rep 4) density,"Read density, UACa20 Sabouraud's dextrose",Sabouraud's Dextrose,Gene Expression,RNA-Seq,Density plot,C. auris,UACa20,Pelletier,38466738
Pelletier_UACa20_Sabouraud's_dextrose_rep2_1_alignments,Pelletier et al (UACa20; Sabouraud's dextrose; biol rep 2; tech rep 1) alignments,"Aligned strand-specific single-end reads, UACa20 Sabouraud's dextrose",Sabouraud's Dextrose,Gene Expression,RNA-Seq,Aligned reads,C. auris,UACa20,Pelletier,38466738
Pelletier_UACa20_Sabouraud's_dextrose_rep2_1_coverage,Pelletier et al (UACa20; Sabouraud's dextrose; biol rep 2; tech rep 1) coverage,"Read coverage, UACa20 Sabouraud's dextrose",Sabouraud's Dextrose,Gene Expression,RNA-Seq,Coverage plot,C. auris,UACa20,Pelletier,38466738
Pelletier_UACa20_Sabouraud's_dextrose_rep2_1_density,Pelletier et al (UACa20; Sabouraud's dextrose; biol rep 2; tech rep 1) density,"Read density, UACa20 Sabouraud's dextrose",Sabouraud's Dextrose,Gene Expression,RNA-Seq,Density plot,C. auris,UACa20,Pelletier,38466738
Pelletier_UACa20_Sabouraud's_dextrose_rep2_2_alignments,Pelletier et al (UACa20; Sabouraud's dextrose; biol rep 2; tech rep 2) alignments,"Aligned strand-specific single-end reads, UACa20 Sabouraud's dextrose",Sabouraud's Dextrose,Gene Expression,RNA-Seq,Aligned reads,C. auris,UACa20,Pelletier,38466738
Pelletier_UACa20_Sabouraud's_dextrose_rep2_2_coverage,Pelletier et al (UACa20; Sabouraud's dextrose; biol rep 2; tech rep 2) coverage,"Read coverage, UACa20 Sabouraud's dextrose",Sabouraud's Dextrose,Gene Expression,RNA-Seq,Coverage plot,C. auris,UACa20,Pelletier,38466738
Pelletier_UACa20_Sabouraud's_dextrose_rep2_2_density,Pelletier et al (UACa20; Sabouraud's dextrose; biol rep 2; tech rep 2) density,"Read density, UACa20 Sabouraud's dextrose",Sabouraud's Dextrose,Gene Expression,RNA-Seq,Density plot,C. auris,UACa20,Pelletier,38466738
Pelletier_UACa20_Sabouraud's_dextrose_rep2_3_alignments,Pelletier et al (UACa20; Sabouraud's dextrose; biol rep 2; tech rep 3) alignments,"Aligned strand-specific single-end reads, UACa20 Sabouraud's dextrose",Sabouraud's Dextrose,Gene Expression,RNA-Seq,Aligned reads,C. auris,UACa20,Pelletier,38466738
Pelletier_UACa20_Sabouraud's_dextrose_rep2_3_coverage,Pelletier et al (UACa20; Sabouraud's dextrose; biol rep 2; tech rep 3) coverage,"Read coverage, UACa20 Sabouraud's dextrose",Sabouraud's Dextrose,Gene Expression,RNA-Seq,Coverage plot,C. auris,UACa20,Pelletier,38466738
Pelletier_UACa20_Sabouraud's_dextrose_rep2_3_density,Pelletier et al (UACa20; Sabouraud's dextrose; biol rep 2; tech rep 3) density,"Read density, UACa20 Sabouraud's dextrose",Sabouraud's Dextrose,Gene Expression,RNA-Seq,Density plot,C. auris,UACa20,Pelletier,38466738
Pelletier_UACa20_Sabouraud's_dextrose_rep2_4_alignments,Pelletier et al (UACa20; Sabouraud's dextrose; biol rep 2; tech rep 4) alignments,"Aligned strand-specific single-end reads, UACa20 Sabouraud's dextrose",Sabouraud's Dextrose,Gene Expression,RNA-Seq,Aligned reads,C. auris,UACa20,Pelletier,38466738
Pelletier_UACa20_Sabouraud's_dextrose_rep2_4_coverage,Pelletier et al (UACa20; Sabouraud's dextrose; biol rep 2; tech rep 4) coverage,"Read coverage, UACa20 Sabouraud's dextrose",Sabouraud's Dextrose,Gene Expression,RNA-Seq,Coverage plot,C. auris,UACa20,Pelletier,38466738
Pelletier_UACa20_Sabouraud's_dextrose_rep2_4_density,Pelletier et al (UACa20; Sabouraud's dextrose; biol rep 2; tech rep 4) density,"Read density, UACa20 Sabouraud's dextrose",Sabouraud's Dextrose,Gene Expression,RNA-Seq,Density plot,C. auris,UACa20,Pelletier,38466738
Pelletier_UACa20_Sabouraud's_dextrose_rep1_1_alignments,Pelletier et al (UACa20; Sabouraud's dextrose; biol rep 1; tech rep 1) alignments,"Aligned strand-specific single-end reads, UACa20 Sabouraud's dextrose",Sabouraud's Dextrose,Gene Expression,RNA-Seq,Aligned reads,C. auris,UACa20,Pelletier,38466738
Pelletier_UACa20_Sabouraud's_dextrose_rep1_1_coverage,Pelletier et al (UACa20; Sabouraud's dextrose; biol rep 1; tech rep 1) coverage,"Read coverage, UACa20 Sabouraud's dextrose",Sabouraud's Dextrose,Gene Expression,RNA-Seq,Coverage plot,C. auris,UACa20,Pelletier,38466738
Pelletier_UACa20_Sabouraud's_dextrose_rep1_1_density,Pelletier et al (UACa20; Sabouraud's dextrose; biol rep 1; tech rep 1) density,"Read density, UACa20 Sabouraud's dextrose",Sabouraud's Dextrose,Gene Expression,RNA-Seq,Density plot,C. auris,UACa20,Pelletier,38466738
Pelletier_UACa20_Sabouraud's_dextrose_rep1_2_alignments,Pelletier et al (UACa20; Sabouraud's dextrose; biol rep 1; tech rep 2) alignments,"Aligned strand-specific single-end reads, UACa20 Sabouraud's dextrose",Sabouraud's Dextrose,Gene Expression,RNA-Seq,Aligned reads,C. auris,UACa20,Pelletier,38466738
Pelletier_UACa20_Sabouraud's_dextrose_rep1_2_coverage,Pelletier et al (UACa20; Sabouraud's dextrose; biol rep 1; tech rep 2) coverage,"Read coverage, UACa20 Sabouraud's dextrose",Sabouraud's Dextrose,Gene Expression,RNA-Seq,Coverage plot,C. auris,UACa20,Pelletier,38466738
Pelletier_UACa20_Sabouraud's_dextrose_rep1_2_density,Pelletier et al (UACa20; Sabouraud's dextrose; biol rep 1; tech rep 2) density,"Read density, UACa20 Sabouraud's dextrose",Sabouraud's Dextrose,Gene Expression,RNA-Seq,Density plot,C. auris,UACa20,Pelletier,38466738
Pelletier_UACa20_Sabouraud's_dextrose_rep1_3_alignments,Pelletier et al (UACa20; Sabouraud's dextrose; biol rep 1; tech rep 3) alignments,"Aligned strand-specific single-end reads, UACa20 Sabouraud's dextrose",Sabouraud's Dextrose,Gene Expression,RNA-Seq,Aligned reads,C. auris,UACa20,Pelletier,38466738
Pelletier_UACa20_Sabouraud's_dextrose_rep1_3_coverage,Pelletier et al (UACa20; Sabouraud's dextrose; biol rep 1; tech rep 3) coverage,"Read coverage, UACa20 Sabouraud's dextrose",Sabouraud's Dextrose,Gene Expression,RNA-Seq,Coverage plot,C. auris,UACa20,Pelletier,38466738
Pelletier_UACa20_Sabouraud's_dextrose_rep1_3_density,Pelletier et al (UACa20; Sabouraud's dextrose; biol rep 1; tech rep 3) density,"Read density, UACa20 Sabouraud's dextrose",Sabouraud's Dextrose,Gene Expression,RNA-Seq,Density plot,C. auris,UACa20,Pelletier,38466738
Pelletier_UACa20_Sabouraud's_dextrose_rep1_4_alignments,Pelletier et al (UACa20; Sabouraud's dextrose; biol rep 1; tech rep 4) alignments,"Aligned strand-specific single-end reads, UACa20 Sabouraud's dextrose",Sabouraud's Dextrose,Gene Expression,RNA-Seq,Aligned reads,C. auris,UACa20,Pelletier,38466738
Pelletier_UACa20_Sabouraud's_dextrose_rep1_4_coverage,Pelletier et al (UACa20; Sabouraud's dextrose; biol rep 1; tech rep 4) coverage,"Read coverage, UACa20 Sabouraud's dextrose",Sabouraud's Dextrose,Gene Expression,RNA-Seq,Coverage plot,C. auris,UACa20,Pelletier,38466738
Pelletier_UACa20_Sabouraud's_dextrose_rep1_4_density,Pelletier et al (UACa20; Sabouraud's dextrose; biol rep 1; tech rep 4) density,"Read density, UACa20 Sabouraud's dextrose",Sabouraud's Dextrose,Gene Expression,RNA-Seq,Density plot,C. auris,UACa20,Pelletier,38466738